:2000000000000A0ACACACACACACACACACACACACA0000000000000000000000000100000053
:200020003400000000000000082000000000C00000000000000000000000000000000000A4
:20004000FFFFFFFFFFFFFFFF00000000FFFFFFFF00000004040460870000000000000000B9
:2000600000010000000000000101000000000000000000000000000000000000000000007D
:20008000000000000000000000000000000000000000000000000000000000000000000060
:2000A000000000000000000000000000000000000000000000000000000000000000000040
:2000C000000000000000000000000000000000000000000000000000000000000000000020
:2000E000000000000000000000000000000000000000000400006087000000000000000015
:200100000A12000000000000000000000000000000000000000000000000000000000000C3
:2001200000698069806980690096429658960000000000000000000000000000000000003F
:2001400000000000000000000000000000000000000000000000000000000000000000009F
:200160000000000000040004FFFFFFFFFFFFFFFF0000000000000000FFFFFFFFFFFFFFFF87
:2001800000000000000000000000000000000000000000000000000000000000000000005F
:2001A00000000000000000000000000000000000000000000000FFFFFFFFFFFF0002FFFF45
:2001C00000000000000000000000000000000000000000000000000000000000000000001F
:2001E0000A12000000000000000000000000000000000000000000000000000000000000E3
:2002000000301600000040000100000000000F8A8D64CF0D040000000E3102CCE7FE0008F3
:200220008E949A60C0128BE42C10D010616924C4687448C60F0082ABF6E932EF80FCF6E912
:20024000F6E9F6E9F6E9F6E90801044E00E82285380490157B880206A201700270223B8FDB
:2002600091248A4088A007826204A82A822EC052C020B6A7028530259A822107540C41490D
:20028000DD5FDCEAE76F88CFF7F6B775F9B7FF995FD77BF6FDDE7FDDFBB6E77CEBDE70B86B
:2002A000FF8B9D77B03DFFBD00BE7AF14802300000737802300000A900000000000000C5C9
:2002C0007EDFCEFF679FB5EDEFFC7CF2FEDEFD5DCFF74F7F30DA4BDD2EFEA1BFEE2E3CD63D
:2002E00038FFBCD7F5E62BE033F3E567BAF3727DAFEA8FFDBD59ABB2BDC6DFE4B5CFEBFFF4
:200300000148D7490E0E5C2CC8005200001A08924AD3A56A0144A30230F228716900C1C542
:20032000490E00ED1833C60124020D948520A30A82660861020F608086C100440854118094
:20034000802DAA2987F6CB00203A46056A40B980A71392070024D411C8C0084B06036D029E
:200360000930C850111088F65B94500D412841A63854030038296501588849E562518D0A43
:20038000FDF7F9DF6EE7AC2F7FF0D8FBF7FFEB7FEEACDD28F7B9FED5FFFFEFE7F597D76EF8
:2003A0007FFF3CF7BCE193DEFFFDF3C7D31C73DF986CBF8BFB7BAFF4D6DEDF1FEBBFA8F725
:2003C0004EBEEAF5A71B6FAC8B6FB7B2B1FE5F97E8FFFE9FB7FAED57DDDFE7D9F4E971FF0B
:2003E0002B74B27EBAFEA9C749F85D73AAD70E02010000000000010009004AEC36ED0AE80E
:200400000000000000000000000000000000000000000000000000000000000000000000DC
:200420000000000000000000000000000000000000000000000000000000000000000000BC
:2004400000000000000000000000000000000000000000000000000000000000000000009C
:2004600000000000000000000000000000000000000000000000000000000000000000007C
:2004800000000000000000000000000000000000000000000000000000000000000000005C
:2004A00000000000000000000000000000000000000000000000000000000000000000003C
:2004C00000000000000000000000000000000000000000000000000000000000000000001C
:2004E0000000000000000000000000000000000000000000000000000000000000000000FC
:200500000000000000000000000000000000000000000000000000000000000000000000DB
:200520000000000000000000000000000000000000000000000000000000000000000000BB
:2005400000000000000000000000000000000000000000000000000000000000000000009B
:2005600000000000000000000000000000000000000000000000000000000000000000007B
:2005800000000000000000000000000000000000000000000000000000000000000000005B
:2005A0000A120000000000000000000000000000000000000000000000000000000000001F
:2005C00000000000000000000000000000000000000000000000000000000000000000001B
:2005E0000000000000000000000000000000000000000000000000000000000000000000FB
:200600000000000000000000000000000000000000000000000000000000000000000000DA
:200620000000000000000000000000000000000000000000000000000000000000000000BA
:2006400000000000000000000000000000000000000000000000000000000000000000009A
:2006600000000000000000000000000000000000000000000000000000000000000000007A
:2006800000000000000000000000000000000000000000000000000000000000000000005A
:2006A00000000000000000000000000000000000000000000000000000000000000000003A
:2006C00000000000000000000000000000000000000000000000000000000000000000001A
:2006E0000000000000000000000000000000000000000000000000000000000000000000FA
:200700000000000000000000000000000000000000000000000000000000000000000000D9
:200720000000000000000000000000000000000000000000000000000000000000000000B9
:20074000000000000000000000000000000000000000000000000000000000000000000099
:20076000000000000000000000000000000000000000000000000000000000000000000079
:200780000A120000000000000000000000000000000000000000000000000000000000003D
:2007A000000000000000000000000000000000000000000000000000000000000000000039
:2007C000000000000000000000000000000000000000000000000000000000000000000019
:2007E0000000000000000000000000000000000000000000000000000000000000000000F9
:200800000000000000000000000000000000000000000000000000000000000000000000D8
:200820000000000000000000000000000000000000000000000000000000000000000000B8
:20084000000000000000000000000000000000000000000000000000000000000000000098
:20086000000000000000000000000000000000000000000000000000000000000000000078
:20088000000000000000000000000000000000000000000000000000000000000000000058
:2008A000000000000000000000000000000000000000000000000000000000000000000038
:2008C000000000000000000000000000000000000000000000000000000000000000000018
:2008E0000000000000000000000000000000000000000000000000000000000000000000F8
:200900000000000000000000000000000000000000000000000000000000000000000000D7
:200920000000000000000000000000000000000000000000000000000000000000000000B7
:20094000000000000000000000000000000000000000000000000000000000000000000097
:200960000A120000000000000000000000000000000000000000000000000000000000005B
:20098000000000000000000000000000000000000000000000000000000000000000000057
:2009A000000000000000000000000000000000000000000000000000000000000000000037
:2009C000000000000000000000000000000000000000000000000000000000000000000017
:2009E0000000000000000000000000000000000000000000000000000000000000000000F7
:200A00000000000000000000000000000000000000000000000000000000000000000000D6
:200A20000000000000000000000000000000000000000000000000000000000000000000B6
:200A4000000000000000000000000000000000000000000000000000000000000000000096
:200A6000000000000000000000000000000000000000000000000000000000000000000076
:200A8000000000000000000000000000000000000000000000000000000000000000000056
:200AA000000000000000000000000000000000000000000000000000000000000000000036
:200AC000000000000000000000000000000000000000000000000000000000000000000016
:200AE0000000000000000000000000000000000000000000000000000000000000000000F6
:200B00000000000000000000000000000000000000000000000000000000000000000000D5
:200B20000000000000000000000000000000000000000000000000000000000000000000B5
:200B40000A1200000000000000000000000000000000000000000000000000000000000079
:200B6000000000000000000000000000000000000000000000000000000000000000000075
:200B8000000000000000000000000000000000000000000000000000000000000000000055
:200BA000000000000000000000000000000000000000000000000000000000000000000035
:200BC000000000000000000000000000000000000000000000000000000000000000000015
:200BE0000000000000000000000000000000000000000000000000000000000000000000F5
:200C0000060C1E0CFF3FB24040A52C01B29055AADEFFFF27314020020B43C043FAF532C24B
:200C2000F2C032000000B240805A2001F24088005700F24080005600E2D32100E2D322001D
:200C4000E2C32600E2C22A00E2C22E00B24000A528013BC07A00B012860E82431202094379
:200C600036400A023742B012540FC64C000016531783F9232BB3262055420B027590120044
:200C80007924759010005424B012580E55420B02759018002E242BB215247590200015247B
:200CA00075901600222475901400A12475901A00182475901C002F24053C2BD2B012E60E32
:200CC000C53F2153B012EC0EC13FB012E60ED2420E025600D2420F025700D24210021602F6
:200CE000B53FB012E60E10420E0216420E021543073C3640FEFFB24006A5100235400C0042
:200D0000924210022801B643000092B32C01FD231583F623D33F16420E021742100235432B
:200D2000759603201783FC23C93F82460002CA3F3640E0FF374020002BC2B012540F7C96E1
:200D400003243BD04000023C003C003C1783F523B012580E3BB04000B0278293DEFF072472
:200D600031400010041231902202FC23C23FB012EC0E6C3F16420E02174210022BB230246C
:200D80003BD01000B012540F2BB32C2036900010062C36900001062CC64C00001B3CB2408D
:200DA00040A5280116B30320C24C1402133CC24C1502869AFDFF01242BD33690010204286D
:200DC0003BD23BB0100002243BC032001A421402864AFFFF16531783D523B012580E6E3FA8
:200DE000B012540F1783FC23B012580E6B3FB24080000A02D24210020C02D24210020D025C
:200E000082431202094336400A0227427C46B012F00E1783FB2316420E02174210023690EF
:200E200000010A28B24614025C421402B012F00E17835C421502013C7C46B012F00E178355
:200E4000EE23B2E312025C421202B012F00E5C421302B012F00EFA3E18421202B012540F28
:200E6000C24C1202B012540FC24C130238E33BB20424869AFEFF01242BD318921202212396
:200E80002BB31F233041E2B22800FD27E2B22800FD23B24024026001E2B22800FD27154255
:200EA000700105110511051182450202051182450402B2801E000402574216023780030010
:200EC000051105111753FD23355040A582452A013542B24024026001929270010202FC2F4C
:200EE0001583F72309437C409000023C7C40A0004D43C9EC120219E31BC3454D5545020F9E
:200F000000550C2E2E2E2E2E2E2E2E1A3434924270017201B2500C007201073C1BB30B2009
:200F20008243620192B36201FD27E2C321000A3C4C11F62B1BE38243620192B36201FD2741
:200F4000E2D321009252020272015D537D900C00D42330414E431BC3454E5545600F0055CF
:200F60000C5656565656565656367400E2B22800FD23924270017201925204027201824355
:200F8000620192B36201FD27E2B228001E282BD31C3C4C101A3C8243620192B36201FD2724
:200FA000E2B2280001281BE31BB301242BD3C9EC120219E30A3C8243620192B36201FD275E
:200FC000E2B22800E62B4C101BE39252020272015E53C23F8243620192B36201FD27E2B255
:200FE0002800012C2BD33041FFFFFFFFFFFFFFFFF227604000000000000002020104916181
:201000007800020000E400C0FEE7FEE700E400000000000000000000000000000000000004
:201020000000000000000000000000000000000000000000000000000000000000000000B0
:2010400000E010E1021E0218163E0000000006EF00010000163D00000000002000030003C2
:2010600000000000002800000009000503E81901100300032F411033040401040000D36C20
:201080000030020000EA00E8DEFFDEFF00EA000000000000000000000000000000000000A8
:2010A000000000000000000000000000000000000000000000000000000000000000000030
:2010C000FFFFFFFFFFFFFFFFFFFFFFFFFFFFFFFFFFFFFFFFFFFFFFFFFFFFFFFFFFFFFFFF30
:2010E000FFFFFFFFFFFFFFFFFFFFFFFFFFFFFFFFFFFFFFFFFFFFFFFF7B8F838E748DBA86AC
:201100000000000000000000000000000000000000000000000000000000000000000000CF
:201120000000000000000000000000000000000000000000000000000000000000000000AF
:2011400000000000000000000000000000000000000000000000000000000000000000008F
:2011600000000000000000000000000000000000000000000000000000000000000000006F
:2011800000000000000000000000000000000000000000000000000000000000000000004F
:2011A00000000000000000000000000000000000000000000000000000000000000000002F
:2011C00000000000000000000000000000000000000000000000000000000000000000000F
:2011E0000000000000000000000000000000000000000000000000000000000000000000EF
:201200000000000000000000000000000000000000000000000000000000000000000000CE
:201220000000000000000000000000000000000000000000000000000000000000000000AE
:2012400000000000000000000000000000000000000000000000000000000000000000008E
:2012600000000000000000000000000000000000000000000000000000000000000000006E
:2012800000000000000000000000000000000000000000000000000000000000000000004E
:2012A00000000000000000000000000000000000000000000000000000000000000000002E
:2012C0000A12000000000000000000000000000000000000000000000000000000000000F2
:2012E0000000000000000000000000000000000000000000000000000000000000000000EE
:201300000000000000000000000000000000000000000000000000000000000000000000CD
:201320000000000000000000000000000000000000000000000000000000000000000000AD
:2013400000000000000000000000000000000000000000000000000000000000000000008D
:2013600000000000000000000000000000000000000000000000000000000000000000006D
:2013800000000000000000000000000000000000000000000000000000000000000000004D
:2013A00000000000000000000000000000000000000000000000000000000000000000002D
:2013C00000000000000000000000000000000000000000000000000000000000000000000D
:2013E0000000000000000000000000000000000000000000000000000000000000000000ED
:201400000000000000000000000000000000000000000000000000000000000000000000CC
:201420000000000000000000000000000000000000000000000000000000000000000000AC
:2014400000000000000000000000000000000000000000000000000000000000000000008C
:2014600000000000000000000000000000000000000000000000000000000000000000006C
:2014800000000000000000000000000000000000000000000000000000000000000000004C
:2014A0000A1200000000000000000000000000000000000000000000000000000000000010
:2014C00000000000000000000000000000000000000000000000000000000000000000000C
:2014E0000000000000000000000000000000000000000000000000000000000000000000EC
:201500000000000000000000000000000000000000000000000000000000000000000000CB
:201520000000000000000000000000000000000000000000000000000000000000000000AB
:2015400000000000000000000000000000000000000000000000000000000000000000008B
:2015600000000000000000000000000000000000000000000000000000000000000000006B
:2015800000000000000000000000000000000000000000000000000000000000000000004B
:2015A00000000000000000000000000000000000000000000000000000000000000000002B
:2015C00000000000000000000000000000000000000000000000000000000000000000000B
:2015E0000000000000000000000000000000000000000000000000000000000000000000EB
:201600000000000000000000000000000000000000000000000000000000000000000000CA
:201620000000000000000000000000000000000000000000000000000000000000000000AA
:2016400000000000000000000000000000000000000000000000000000000000000000008A
:2016600000000000000000000000000000000000000000000000000000000000000000006A
:201680000A120000000000000000000000000000000000000000000000000000000000002E
:2016A00000000000000000000000000000000000000000000000000000000000000000002A
:2016C00000000000000000000000000000000000000000000000000000000000000000000A
:2016E0000000000000000000000000000000000000000000000000000000000000000000EA
:201700000000000000000000000000000000000000000000000000000000000000000000C9
:201720000000000000000000000000000000000000000000000000000000000000000000A9
:20174000000000000000000000000000000000000000000000000000000000000000000089
:20176000000000000000000000000000000000000000000000000000000000000000000069
:20178000000000000000000000000000000000000000000000000000000000000000000049
:2017A000000000000000000000000000000000000000000000000000000000000000000029
:2017C000000000000000000000000000000000000000000000000000000000000000000009
:2017E0000000000000000000000000000000000000000000000000000000000000000000E9
:201800000000000000000000000000000000000000000000000000000000000000000000C8
:201820000000000000000000000000000000000000000000000000000000000000000000A8
:20184000000000000000000000000000000000000000000000000000000000000000000088
:201860000A120000000000000000000000000000000000000000000000000000000000004C
:20188000000000000000000000000000000000000000000000000000000000000000000048
:2018A000000000000000000000000000000000000000000000000000000000000000000028
:2018C000000000000000000000000000000000000000000000000000000000000000000008
:2018E0000000000000000000000000000000000000000000000000000000000000000000E8
:201900000000000000000000000000000000000000000000000000000000000000000000C7
:201920000000000000000000000000000000000000000000000000000000000000000000A7
:20194000000000000000000000000000000000000000000000000000000000000000000087
:20196000000000000000000000000000000000000000000000000000000000000000000067
:20198000000000000000000000000000000000000000000000000000000000000000000047
:2019A000000000000000000000000000000000000000000000000000000000000000000027
:2019C000000000000000000000000000000000000000000000000000000000000000000007
:2019E0000000000000000000000000000000000000000000000000000000000000000000E7
:201A00000000000000000000000000000000000000000000000000000000000000000000C6
:201A20000000000000000000000000000000000000000000000000000000000000000000A6
:201A40000A120000000000000000000000000000000000000000000000000000000000006A
:201A6000000000000000000000000000000000000000000000000000000000000000000066
:201A8000000000000000000000000000000000000000000000000000000000000000000046
:201AA000000000000000000000000000000000000000000000000000000000000000000026
:201AC000000000000000000000000000000000000000000000000000000000000000000006
:201AE0000000000000000000000000000000000000000000000000000000000000000000E6
:201B00000000000000000000000000000000000000000000000000000000000000000000C5
:201B20000000000000000000000000000000000000000000000000000000000000000000A5
:201B4000000000000000000000000000000000000000000000000000000000000000000085
:201B6000000000000000000000000000000000000000000000000000000000000000000065
:201B8000000000000000000000000000000000000000000000000000000000000000000045
:201BA000000000000000000000000000000000000000000000000000000000000000000025
:201BC000000000000000000000000000000000000000000000000000000000000000000005
:201BE0000000000000000000000000000000000000000000000000000000000000000000E5
:201C00000000000000000000000000000000000000000000000000000000000000000000C4
:201C20000A1200000000000000000000000000000000000000000000000000000000000088
:201C4000000000000000000000000000000000000000000000000000000000000000000084
:201C6000000000000000000000000000000000000000000000000000000000000000000064
:201C8000000000000000000000000000000000000000000000000000000000000000000044
:201CA000000000000000000000000000000000000000000000000000000000000000000024
:201CC000000000000000000000000000000000000000000000000000000000000000000004
:201CE0000000000000000000000000000000000000000000000000000000000000000000E4
:201D00000000000000000000000000000000000000000000000000000000000000000000C3
:201D20000000000000000000000000000000000000000000000000000000000000000000A3
:201D4000000000000000000000000000000000000000000000000000000000000000000083
:201D6000000000000000000000000000000000000000000000000000000000000000000063
:201D8000000000000000000000000000000000000000000000000000000000000000000043
:201DA000000000000000000000000000000000000000000000000000000000000000000023
:201DC000000000000000000000000000000000000000000000000000000000000000000003
:201DE0000000000000000000000000000000000000000000000000000000000000000000E3
:201E00000A12000000000000000000000000000000000000000000000000000000000000A6
:201E20000000000000000000000000000000000000000000000000000000000000000000A2
:201E4000000000000000000000000000000000000000000000000000000000000000000082
:201E6000000000000000000000000000000000000000000000000000000000000000000062
:201E8000000000000000000000000000000000000000000000000000000000000000000042
:201EA000000000000000000000000000000000000000000000000000000000000000000022
:201EC000000000000000000000000000000000000000000000000000000000000000000002
:201EE0000000000000000000000000000000000000000000000000000000000000000000E2
:201F00000000000000000000000000000000000000000000000000000000000000000000C1
:201F20000000000000000000000000000000000000000000000000000000000000000000A1
:201F4000000000000000000000000000000000000000000000000000000000000000000081
:201F6000000000000000000000000000000000000000000000000000000000000000000061
:201F8000000000000000000000000000000000000000000000000000000000000000000041
:201FA000000000000000000000000000000000000000000000000000000000000000000021
:201FC000000000000000000000000000000000000000000000000000000000000000000001
:201FE0000A12000000000000000000000000000000000000000000000000000000000000C5
:202000000000000000000000000000000000000000000000000000000000000000000000C0
:202020000000000000000000000000000000000000000000000000000000000000000000A0
:20204000000000000000000000000000000000000000000000000000000000000000000080
:20206000000000000000000000000000000000000000000000000000000000000000000060
:20208000000000000000000000000000000000000000000000000000000000000000000040
:2020A000000000000000000000000000000000000000000000000000000000000000000020
:2020C000000000000000000000000000000000000000000000000000000000000000000000
:2020E0000000000000000000000000000000000000000000000000000000000000000000E0
:202100000000000000000000000000000000000000000000000000000000000000000000BF
:2021200000000000000000000000000000000000000000000000000000000000000000009F
:2021400000000000000000000000000000000000000000000000000000000000000000007F
:2021600000000000000000000000000000000000000000000000000000000000000000005F
:2021800000000000000000000000000000000000000000000000000000000000000000003F
:2021A00000000000000000000000000000000000000000000000000000000000000000001F
:2021C0000A12000000000000000000000000000000000000000000000000000000000000E3
:2021E0000000000000000000000000000000000000000000000000000000000000000000DF
:202200000000000000000000000000000000000000000000000000000000000000000000BE
:2022200000000000000000000000000000000000000000000000000000000000000000009E
:2022400000000000000000000000000000000000000000000000000000000000000000007E
:2022600000000000000000000000000000000000000000000000000000000000000000005E
:2022800000000000000000000000000000000000000000000000000000000000000000003E
:2022A00000000000000000000000000000000000000000000000000000000000000000001E
:2022C0000000000000000000000000000000000000000000000000000000000000000000FE
:2022E0000000000000000000000000000000000000000000000000000000000000000000DE
:202300000000000000000000000000000000000000000000000000000000000000000000BD
:2023200000000000000000000000000000000000000000000000000000000000000000009D
:2023400000000000000000000000000000000000000000000000000000000000000000007D
:2023600000000000000000000000000000000000000000000000000000000000000000005D
:2023800000000000000000000000000000000000000000000000000000000000000000003D
:2023A0000A1200000000000000000000000000000000000000000000000000000000000001
:2023C0000000000000000000000000000000000000000000000000000000000000000000FD
:2023E0000000000000000000000000000000000000000000000000000000000000000000DD
:202400000000000000000000000000000000000000000000000000000000000000000000BC
:2024200000000000000000000000000000000000000000000000000000000000000000009C
:2024400000000000000000000000000000000000000000000000000000000000000000007C
:2024600000000000000000000000000000000000000000000000000000000000000000005C
:2024800000000000000000000000000000000000000000000000000000000000000000003C
:2024A00000000000000000000000000000000000000000000000000000000000000000001C
:2024C0000000000000000000000000000000000000000000000000000000000000000000FC
:2024E0000000000000000000000000000000000000000000000000000000000000000000DC
:202500000000000000000000000000000000000000000000000000000000000000000000BB
:2025200000000000000000000000000000000000000000000000000000000000000000009B
:2025400000000000000000000000000000000000000000000000000000000000000000007B
:2025600000000000000000000000000000000000000000000000000000000000000000005B
:202580000A120000000000000000000000000000000000000000000000000000000000001F
:2025A00000000000000000000000000000000000000000000000000000000000000000001B
:2025C0000000000000000000000000000000000000000000000000000000000000000000FB
:2025E0000000000000000000000000000000000000000000000000000000000000000000DB
:202600000000000000000000000000000000000000000000000000000000000000000000BA
:2026200000000000000000000000000000000000000000000000000000000000000000009A
:2026400000000000000000000000000000000000000000000000000000000000000000007A
:2026600000000000000000000000000000000000000000000000000000000000000000005A
:2026800000000000000000000000000000000000000000000000000000000000000000003A
:2026A00000000000000000000000000000000000000000000000000000000000000000001A
:2026C0000000000000000000000000000000000000000000000000000000000000000000FA
:2026E0000000000000000000000000000000000000000000000000000000000000000000DA
:202700000000000000000000000000000000000000000000000000000000000000000000B9
:20272000000000000000000000000000000000000000000000000000000000000000000099
:20274000000000000000000000000000000000000000000000000000000000000000000079
:202760000A120000000000000000000000000000000000000000000000000000000000003D
:20278000000000000000000000000000000000000000000000000000000000000000000039
:2027A000000000000000000000000000000000000000000000000000000000000000000019
:2027C0000000000000000000000000000000000000000000000000000000000000000000F9
:2027E0000000000000000000000000000000000000000000000000000000000000000000D9
:202800000000000000000000000000000000000000000000000000000000000000000000B8
:20282000000000000000000000000000000000000000000000000000000000000000000098
:20284000000000000000000000000000000000000000000000000000000000000000000078
:20286000000000000000000000000000000000000000000000000000000000000000000058
:20288000000000000000000000000000000000000000000000000000000000000000000038
:2028A000000000000000000000000000000000000000000000000000000000000000000018
:2028C0000000000000000000000000000000000000000000000000000000000000000000F8
:2028E0000000000000000000000000000000000000000000000000000000000000000000D8
:202900000000000000000000000000000000000000000000000000000000000000000000B7
:20292000000000000000000000000000000000000000000000000000000000000000000097
:202940000A120000000000000000000000000000000000000000000000000000000000005B
:20296000000000000000000000000000000000000000000000000000000000000000000057
:20298000000000000000000000000000000000000000000000000000000000000000000037
:2029A000000000000000000000000000000000000000000000000000000000000000000017
:2029C0000000000000000000000000000000000000000000000000000000000000000000F7
:2029E0000000000000000000000000000000000000000000000000000000000000000000D7
:202A00000000000000000000000000000000000000000000000000000000000000000000B6
:202A2000000000000000000000000000000000000000000000000000000000000000000096
:202A4000000000000000000000000000000000000000000000000000000000000000000076
:202A6000000000000000000000000000000000000000000000000000000000000000000056
:202A8000000000000000000000000000000000000000000000000000000000000000000036
:202AA000000000000000000000000000000000000000000000000000000000000000000016
:202AC0000000000000000000000000000000000000000000000000000000000000000000F6
:202AE0000000000000000000000000000000000000000000000000000000000000000000D6
:202B00000000000000000000000000000000000000000000000000000000000000000000B5
:202B20000A1200000000000000000000000000000000000000000000000000000000000079
:202B4000000000000000000000000000000000000000000000000000000000000000000075
:202B6000000000000000000000000000000000000000000000000000000000000000000055
:202B8000000000000000000000000000000000000000000000000000000000000000000035
:202BA000000000000000000000000000000000000000000000000000000000000000000015
:202BC0000000000000000000000000000000000000000000000000000000000000000000F5
:202BE0000000000000000000000000000000000000000000000000000000000000000000D5
:202C00000000000000000000000000000000000000000000000000000000000000000000B4
:202C2000000000000000000000000000000000000000000000000000000000000000000094
:202C4000000000000000000000000000000000000000000000000000000000000000000074
:202C6000000000000000000000000000000000000000000000000000000000000000000054
:202C8000000000000000000000000000000000000000000000000000000000000000000034
:202CA000000000000000000000000000000000000000000000000000000000000000000014
:202CC0000000000000000000000000000000000000000000000000000000000000000000F4
:202CE0000000000000000000000000000000000000000000000000000000000000000000D4
:202D00000A1200000000000000000000000000000000000000000000000000000000000097
:202D2000000000000000000000000000000000000000000000000000000000000000000093
:202D4000000000000000000000000000000000000000000000000000000000000000000073
:202D6000000000000000000000000000000000000000000000000000000000000000000053
:202D8000000000000000000000000000000000000000000000000000000000000000000033
:202DA000000000000000000000000000000000000000000000000000000000000000000013
:202DC0000000000000000000000000000000000000000000000000000000000000000000F3
:202DE0000000000000000000000000000000000000000000000000000000000000000000D3
:202E00000000000000000000000000000000000000000000000000000000000000000000B2
:202E2000000000000000000000000000000000000000000000000000000000000000000092
:202E4000000000000000000000000000000000000000000000000000000000000000000072
:202E6000000000000000000000000000000000000000000000000000000000000000000052
:202E8000000000000000000000000000000000000000000000000000000000000000000032
:202EA000000000000000000000000000000000000000000000000000000000000000000012
:202EC0000000000000000000000000000000000000000000000000000000000000000000F2
:202EE0000A12000000000000000000000000000000000000000000000000000000000000B6
:202F00000000000000000000000000000000000000000000000000000000000000000000B1
:202F2000000000000000000000000000000000000000000000000000000000000000000091
:202F4000000000000000000000000000000000000000000000000000000000000000000071
:202F6000000000000000000000000000000000000000000000000000000000000000000051
:202F8000000000000000000000000000000000000000000000000000000000000000000031
:202FA000000000000000000000000000000000000000000000000000000000000000000011
:202FC0000000000000000000000000000000000000000000000000000000000000000000F1
:202FE0000000000000000000000000000000000000000000000000000000000000000000D1
:203000000000000000000000000000000000000000000000000000000000000000000000B0
:20302000000000000000000000000000000000000000000000000000000000000000000090
:20304000000000000000000000000000000000000000000000000000000000000000000070
:20306000000000000000000000000000000000000000000000000000000000000000000050
:20308000000000000000000000000000000000000000000000000000000000000000000030
:2030A000000000000000000000000000000000000000000000000000000000000000000010
:2030C0000A12000000000000000000000000000000000000000000000000000000000000D4
:2030E0000000000000000000000000000000000000000000000000000000000000000000D0
:203100000000000000000000000000000000000000000000000000000000000000000000AF
:2031200000000000000000000000000000000000000000000000000000000000000000008F
:2031400000000000000000000000000000000000000000000000000000000000000000006F
:2031600000000000000000000000000000000000000000000000000000000000000000004F
:2031800000000000000000000000000000000000000000000000000000000000000000002F
:2031A00000000000000000000000000000000000000000000000000000000000000000000F
:2031C0000000000000000000000000000000000000000000000000000000000000000000EF
:2031E0000000000000000000000000000000000000000000000000000000000000000000CF
:203200000000000000000000000000000000000000000000000000000000000000000000AE
:2032200000000000000000000000000000000000000000000000000000000000000000008E
:2032400000000000000000000000000000000000000000000000000000000000000000006E
:2032600000000000000000000000000000000000000000000000000000000000000000004E
:2032800000000000000000000000000000000000000000000000000000000000000000002E
:2032A0000A12000000000000000000000000000000000000000000000000000000000000F2
:2032C0000000000000000000000000000000000000000000000000000000000000000000EE
:2032E0000000000000000000000000000000000000000000000000000000000000000000CE
:203300000000000000000000000000000000000000000000000000000000000000000000AD
:2033200000000000000000000000000000000000000000000000000000000000000000008D
:2033400000000000000000000000000000000000000000000000000000000000000000006D
:2033600000000000000000000000000000000000000000000000000000000000000000004D
:2033800000000000000000000000000000000000000000000000000000000000000000002D
:2033A00000000000000000000000000000000000000000000000000000000000000000000D
:2033C0000000000000000000000000000000000000000000000000000000000000000000ED
:2033E0000000000000000000000000000000000000000000000000000000000000000000CD
:203400000000000000000000000000000000000000000000000000000000000000000000AC
:2034200000000000000000000000000000000000000000000000000000000000000000008C
:2034400000000000000000000000000000000000000000000000000000000000000000006C
:2034600000000000000000000000000000000000000000000000000000000000000000004C
:203480000A1200000000000000000000000000000000000000000000000000000000000010
:2034A00000000000000000000000000000000000000000000000000000000000000000000C
:2034C0000000000000000000000000000000000000000000000000000000000000000000EC
:2034E0000000000000000000000000000000000000000000000000000000000000000000CC
:203500000000000000000000000000000000000000000000000000000000000000000000AB
:2035200000000000000000000000000000000000000000000000000000000000000000008B
:2035400000000000000000000000000000000000000000000000000000000000000000006B
:2035600000000000000000000000000000000000000000000000000000000000000000004B
:2035800000000000000000000000000000000000000000000000000000000000000000002B
:2035A00000000000000000000000000000000000000000000000000000000000000000000B
:2035C0000000000000000000000000000000000000000000000000000000000000000000EB
:2035E0000000000000000000000000000000000000000000000000000000000000000000CB
:203600000000000000000000000000000000000000000000000000000000000000000000AA
:2036200000000000000000000000000000000000000000000000000000000000000000008A
:2036400000000000000000000000000000000000000000000000000000000000000000006A
:203660000A120000000000000000000000000000000000000000000000000000000000002E
:2036800000000000000000000000000000000000000000000000000000000000000000002A
:2036A00000000000000000000000000000000000000000000000000000000000000000000A
:2036C0000000000000000000000000000000000000000000000000000000000000000000EA
:2036E0000000000000000000000000000000000000000000000000000000000000000000CA
:203700000000000000000000000000000000000000000000000000000000000000000000A9
:20372000000000000000000000000000000000000000000000000000000000000000000089
:20374000000000000000000000000000000000000000000000000000000000000000000069
:20376000000000000000000000000000000000000000000000000000000000000000000049
:20378000000000000000000000000000000000000000000000000000000000000000000029
:2037A000000000000000000000000000000000000000000000000000000000000000000009
:2037C0000000000000000000000000000000000000000000000000000000000000000000E9
:2037E0000000000000000000000000000000000000000000000000000000000000000000C9
:203800000000000000000000000000000000000000000000000000000000000000000000A8
:20382000000000000000000000000000000000000000000000000000000000000000000088
:203840000A120000000000000000000000000000000000000000000000000000000000004C
:20386000000000000000000000000000000000000000000000000000000000000000000048
:20388000000000000000000000000000000000000000000000000000000000000000000028
:2038A000000000000000000000000000000000000000000000000000000000000000000008
:2038C0000000000000000000000000000000000000000000000000000000000000000000E8
:2038E0000000000000000000000000000000000000000000000000000000000000000000C8
:203900000000000000000000000000000000000000000000000000000000000000000000A7
:20392000000000000000000000000000000000000000000000000000000000000000000087
:20394000000000000000000000000000000000000000000000000000000000000000000067
:20396000000000000000000000000000000000000000000000000000000000000000000047
:20398000000000000000000000000000000000000000000000000000000000000000000027
:2039A000000000000000000000000000000000000000000000000000000000000000000007
:2039C0000000000000000000000000000000000000000000000000000000000000000000E7
:2039E0000000000000000000000000000000000000000000000000000000000000000000C7
:203A00000000000000000000000000000000000000000000000000000000000000000000A6
:203A20000A120000000000000000000000000000000000000000000000000000000000006A
:203A4000000000000000000000000000000000000000000000000000000000000000000066
:203A6000000000000000000000000000000000000000000000000000000000000000000046
:203A8000000000000000000000000000000000000000000000000000000000000000000026
:203AA000000000000000000000000000000000000000000000000000000000000000000006
:203AC0000000000000000000000000000000000000000000000000000000000000000000E6
:203AE0000000000000000000000000000000000000000000000000000000000000000000C6
:203B00000000000000000000000000000000000000000000000000000000000000000000A5
:203B2000000000000000000000000000000000000000000000000000000000000000000085
:203B4000000000000000000000000000000000000000000000000000000000000000000065
:203B6000000000000000000000000000000000000000000000000000000000000000000045
:203B8000000000000000000000000000000000000000000000000000000000000000000025
:203BA000000000000000000000000000000000000000000000000000000000000000000005
:203BC0000000000000000000000000000000000000000000000000000000000000000000E5
:203BE0000000000000000000000000000000000000000000000000000000000000000000C5
:203C00000A1200000000000000000000000000000000000000000000000000000000000088
:203C2000000000000000000000000000000000000000000000000000000000000000000084
:203C4000000000000000000000000000000000000000000000000000000000000000000064
:203C6000000000000000000000000000000000000000000000000000000000000000000044
:203C8000000000000000000000000000000000000000000000000000000000000000000024
:203CA000000000000000000000000000000000000000000000000000000000000000000004
:203CC0000000000000000000000000000000000000000000000000000000000000000000E4
:203CE0000000000000000000000000000000000000000000000000000000000000000000C4
:203D00000000000000000000000000000000000000000000000000000000000000000000A3
:203D2000000000000000000000000000000000000000000000000000000000000000000083
:203D4000000000000000000000000000000000000000000000000000000000000000000063
:203D6000000000000000000000000000000000000000000000000000000000000000000043
:203D8000000000000000000000000000000000000000000000000000000000000000000023
:203DA000000000000000000000000000000000000000000000000000000000000000000003
:203DC0000000000000000000000000000000000000000000000000000000000000000000E3
:203DE0000A12000000000000000000000000000000000000000000000000000000000000A7
:203E00000000000000000000000000000000000000000000000000000000000000000000A2
:203E2000000000000000000000000000000000000000000000000000000000000000000082
:203E4000000000000000000000000000000000000000000000000000000000000000000062
:203E6000000000000000000000000000000000000000000000000000000000000000000042
:203E8000000000000000000000000000000000000000000000000000000000000000000022
:203EA000000000000000000000000000000000000000000000000000000000000000000002
:203EC0000000000000000000000000000000000000000000000000000000000000000000E2
:203EE0000000000000000000000000000000000000000000000000000000000000000000C2
:203F00000000000000000000000000000000000000000000000000000000000000000000A1
:203F2000000000000000000000000000000000000000000000000000000000000000000081
:203F4000000000000000000000000000000000000000000000000000000000000000000061
:203F6000000000000000000000000000000000000000000000000000000000000000000041
:203F8000000000000000000000000000000000000000000000000000000000000000000021
:203FA000000000000000000000000000000000000000000000000000000000000000000001
:203FC0000A12000000000000000000000000000000000000000000000000000000000000C5
:203FE0000000000000000000000000000000000000000000000000000000000000000000C1
:204000000000000000000000000000000000000000000000000000000000000000000000A0
:20402000000000000000000000000000000000000000000000000000000000000000000080
:20404000000000000000000000000000000000000000000000000000000000000000000060
:20406000000000000000000000000000000000000000000000000000000000000000000040
:20408000000000000000000000000000000000000000000000000000000000000000000020
:2040A000000000000000000000000000000000000000000000000000000000000000000000
:2040C0000000000000000000000000000000000000000000000000000000000000000000E0
:2040E0000000000000000000000000000000000000000000000000000000000000000000C0
:2041000000000000000000000000000000000000000000000000000000000000000000009F
:2041200000000000000000000000000000000000000000000000000000000000000000007F
:2041400000000000000000000000000000000000000000000000000000000000000000005F
:2041600000000000000000000000000000000000000000000000000000000000000000003F
:2041800000000000000000000000000000000000000000000000000000000000000000001F
:2041A0000A12000000000000000000000000000000000000000000000000000000000000E3
:2041C0000000000000000000000000000000000000000000000000000000000000000000DF
:2041E0000000000000000000000000000000000000000000000000000000000000000000BF
:2042000000000000000000000000000000000000000000000000000000000000000000009E
:2042200000000000000000000000000000000000000000000000000000000000000000007E
:2042400000000000000000000000000000000000000000000000000000000000000000005E
:2042600000000000000000000000000000000000000000000000000000000000000000003E
:2042800000000000000000000000000000000000000000000000000000000000000000001E
:2042A0000000000000000000000000000000000000000000000000000000000000000000FE
:2042C0000000000000000000000000000000000000000000000000000000000000000000DE
:2042E0000000000000000000000000000000000000000000000000000000000000000000BE
:2043000000000000000000000000000000000000000000000000000000000000000000009D
:2043200000000000000000000000000000000000000000000000000000000000000000007D
:2043400000000000000000000000000000000000000000000000000000000000000000005D
:2043600000000000000000000000000000000000000000000000000000000000000000003D
:204380000A1200000000000000000000000000000000000000000000000000000000000001
:2043A0000000000000000000000000000000000000000000000000000000000000000000FD
:2043C0000000000000000000000000000000000000000000000000000000000000000000DD
:2043E0000000000000000000000000000000000000000000000000000000000000000000BD
:2044000000000000000000000000000000000000000000000000000000000000000000009C
:2044200000000000000000000000000000000000000000000000000000000000000000007C
:2044400000000000000000000000000000000000000000000000000000000000000000005C
:2044600000000000000000000000000000000000000000000000000000000000000000003C
:2044800000000000000000000000000000000000000000000000000000000000000000001C
:2044A0000000000000000000000000000000000000000000000000000000000000000000FC
:2044C0000000000000000000000000000000000000000000000000000000000000000000DC
:2044E0000000000000000000000000000000000000000000000000000000000000000000BC
:2045000000000000000000000000000000000000000000000000000000000000000000009B
:2045200000000000000000000000000000000000000000000000000000000000000000007B
:2045400000000000000000000000000000000000000000000000000000000000000000005B
:204560000A120000000000000000000000000000000000000000000000000000000000001F
:2045800000000000000000000000000000000000000000000000000000000000000000001B
:2045A0000000000000000000000000000000000000000000000000000000000000000000FB
:2045C0000000000000000000000000000000000000000000000000000000000000000000DB
:2045E0000000000000000000000000000000000000000000000000000000000000000000BB
:2046000000000000000000000000000000000000000000000000000000000000000000009A
:2046200000000000000000000000000000000000000000000000000000000000000000007A
:2046400000000000000000000000000000000000000000000000000000000000000000005A
:2046600000000000000000000000000000000000000000000000000000000000000000003A
:2046800000000000000000000000000000000000000000000000000000000000000000001A
:2046A0000000000000000000000000000000000000000000000000000000000000000000FA
:2046C0000000000000000000000000000000000000000000000000000000000000000000DA
:2046E0000000000000000000000000000000000000000000000000000000000000000000BA
:20470000000000000000000000000000000000000000000000000000000000000000000099
:20472000000000000000000000000000000000000000000000000000000000000000000079
:204740000A120000000000000000000000000000000000000000000000000000000000003D
:20476000000000000000000000000000000000000000000000000000000000000000000039
:20478000000000000000000000000000000000000000000000000000000000000000000019
:2047A0000000000000000000000000000000000000000000000000000000000000000000F9
:2047C0000000000000000000000000000000000000000000000000000000000000000000D9
:2047E0000000000000000000000000000000000000000000000000000000000000000000B9
:20480000000000000000000000000000000000000000000000000000000000000000000098
:20482000000000000000000000000000000000000000000000000000000000000000000078
:20484000000000000000000000000000000000000000000000000000000000000000000058
:20486000000000000000000000000000000000000000000000000000000000000000000038
:20488000000000000000000000000000000000000000000000000000000000000000000018
:2048A0000000000000000000000000000000000000000000000000000000000000000000F8
:2048C0000000000000000000000000000000000000000000000000000000000000000000D8
:2048E0000000000000000000000000000000000000000000000000000000000000000000B8
:20490000000000000000000000000000000000000000000000000000000000000000000097
:204920000A120000000000000000000000000000000000000000000000000000000000005B
:20494000000000000000000000000000000000000000000000000000000000000000000057
:20496000000000000000000000000000000000000000000000000000000000000000000037
:20498000000000000000000000000000000000000000000000000000000000000000000017
:2049A0000000000000000000000000000000000000000000000000000000000000000000F7
:2049C0000000000000000000000000000000000000000000000000000000000000000000D7
:2049E0000000000000000000000000000000000000000000000000000000000000000000B7
:204A0000000000000000000000000000000000000000000000000000000000000000000096
:204A2000000000000000000000000000000000000000000000000000000000000000000076
:204A4000000000000000000000000000000000000000000000000000000000000000000056
:204A6000000000000000000000000000000000000000000000000000000000000000000036
:204A8000000000000000000000000000000000000000000000000000000000000000000016
:204AA0000000000000000000000000000000000000000000000000000000000000000000F6
:204AC0000000000000000000000000000000000000000000000000000000000000000000D6
:204AE0000000000000000000000000000000000000000000000000000000000000000000B6
:204B00000A1200000000000000000000000000000000000000000000000000000000000079
:204B2000000000000000000000000000000000000000000000000000000000000000000075
:204B4000000000000000000000000000000000000000000000000000000000000000000055
:204B6000000000000000000000000000000000000000000000000000000000000000000035
:204B8000000000000000000000000000000000000000000000000000000000000000000015
:204BA0000000000000000000000000000000000000000000000000000000000000000000F5
:204BC0000000000000000000000000000000000000000000000000000000000000000000D5
:204BE0000000000000000000000000000000000000000000000000000000000000000000B5
:204C0000000000000000000000000000000000000000000000000000000000000000000094
:204C2000000000000000000000000000000000000000000000000000000000000000000074
:204C4000000000000000000000000000000000000000000000000000000000000000000054
:204C6000000000000000000000000000000000000000000000000000000000000000000034
:204C8000000000000000000000000000000000000000000000000000000000000000000014
:204CA0000000000000000000000000000000000000000000000000000000000000000000F4
:204CC0000000000000000000000000000000000000000000000000000000000000000000D4
:204CE0000A1200000000000000000000000000000000000000000000000000000000000098
:204D0000000000000000000000000000000000000000000000000000000000000000000093
:204D2000000000000000000000000000000000000000000000000000000000000000000073
:204D4000000000000000000000000000000000000000000000000000000000000000000053
:204D6000000000000000000000000000000000000000000000000000000000000000000033
:204D8000000000000000000000000000000000000000000000000000000000000000000013
:204DA0000000000000000000000000000000000000000000000000000000000000000000F3
:204DC0000000000000000000000000000000000000000000000000000000000000000000D3
:204DE0000000000000000000000000000000000000000000000000000000000000000000B3
:204E0000000000000000000000000000000000000000000000000000000000000000000092
:204E2000000000000000000000000000000000000000000000000000000000000000000072
:204E4000000000000000000000000000000000000000000000000000000000000000000052
:204E6000000000000000000000000000000000000000000000000000000000000000000032
:204E8000000000000000000000000000000000000000000000000000000000000000000012
:204EA0000000000000000000000000000000000000000000000000000000000000000000F2
:204EC0000A12000000000000000000000000000000000000000000000000000000000000B6
:204EE0000000000000000000000000000000000000000000000000000000000000000000B2
:204F0000000000000000000000000000000000000000000000000000000000000000000091
:204F2000000000000000000000000000000000000000000000000000000000000000000071
:204F4000000000000000000000000000000000000000000000000000000000000000000051
:204F6000000000000000000000000000000000000000000000000000000000000000000031
:204F8000000000000000000000000000000000000000000000000000000000000000000011
:204FA0000000000000000000000000000000000000000000000000000000000000000000F1
:204FC0000000000000000000000000000000000000000000000000000000000000000000D1
:204FE0000000000000000000000000000000000000000000000000000000000000000000B1
:20500000000000000000000000000000000000000000000000000000000000000000000090
:20502000000000000000000000000000000000000000000000000000000000000000000070
:20504000000000000000000000000000000000000000000000000000000000000000000050
:20506000000000000000000000000000000000000000000000000000000000000000000030
:20508000000000000000000000000000000000000000000000000000000000000000000010
:2050A0000A12000000000000000000000000000000000000000000000000000000000000D4
:2050C0000000000000000000000000000000000000000000000000000000000000000000D0
:2050E0000000000000000000000000000000000000000000000000000000000000000000B0
:2051000000000000000000000000000000000000000000000000000000000000000000008F
:2051200000000000000000000000000000000000000000000000000000000000000000006F
:2051400000000000000000000000000000000000000000000000000000000000000000004F
:2051600000000000000000000000000000000000000000000000000000000000000000002F
:2051800000000000000000000000000000000000000000000000000000000000000000000F
:2051A0000000000000000000000000000000000000000000000000000000000000000000EF
:2051C0000000000000000000000000000000000000000000000000000000000000000000CF
:2051E0000000000000000000000000000000000000000000000000000000000000000000AF
:2052000000000000000000000000000000000000000000000000000000000000000000008E
:2052200000000000000000000000000000000000000000000000000000000000000000006E
:2052400000000000000000000000000000000000000000000000000000000000000000004E
:2052600000000000000000000000000000000000000000000000000000000000000000002E
:205280000A12000000000000000000000000000000000000000000000000000000000000F2
:2052A0000000000000000000000000000000000000000000000000000000000000000000EE
:2052C0000000000000000000000000000000000000000000000000000000000000000000CE
:2052E0000000000000000000000000000000000000000000000000000000000000000000AE
:2053000000000000000000000000000000000000000000000000000000000000000000008D
:2053200000000000000000000000000000000000000000000000000000000000000000006D
:2053400000000000000000000000000000000000000000000000000000000000000000004D
:2053600000000000000000000000000000000000000000000000000000000000000000002D
:2053800000000000000000000000000000000000000000000000000000000000000000000D
:2053A0000000000000000000000000000000000000000000000000000000000000000000ED
:2053C0000000000000000000000000000000000000000000000000000000000000000000CD
:2053E0000000000000000000000000000000000000000000000000000000000000000000AD
:2054000000000000000000000000000000000000000000000000000000000000000000008C
:2054200000000000000000000000000000000000000000000000000000000000000000006C
:2054400000000000000000000000000000000000000000000000000000000000000000004C
:205460000A1200000000000000000000000000000000000000000000000000000000000010
:2054800000000000000000000000000000000000000000000000000000000000000000000C
:2054A0000000000000000000000000000000000000000000000000000000000000000000EC
:2054C0000000000000000000000000000000000000000000000000000000000000000000CC
:2054E0000000000000000000000000000000000000000000000000000000000000000000AC
:2055000000000000000000000000000000000000000000000000000000000000000000008B
:2055200000000000000000000000000000000000000000000000000000000000000000006B
:2055400000000000000000000000000000000000000000000000000000000000000000004B
:2055600000000000000000000000000000000000000000000000000000000000000000002B
:2055800000000000000000000000000000000000000000000000000000000000000000000B
:2055A0000000000000000000000000000000000000000000000000000000000000000000EB
:2055C0000000000000000000000000000000000000000000000000000000000000000000CB
:2055E0000000000000000000000000000000000000000000000000000000000000000000AB
:2056000000000000000000000000000000000000000000000000000000000000000000008A
:2056200000000000000000000000000000000000000000000000000000000000000000006A
:205640000A120000000000000000000000000000000000000000000000000000000000002E
:2056600000000000000000000000000000000000000000000000000000000000000000002A
:2056800000000000000000000000000000000000000000000000000000000000000000000A
:2056A0000000000000000000000000000000000000000000000000000000000000000000EA
:2056C0000000000000000000000000000000000000000000000000000000000000000000CA
:2056E0000000000000000000000000000000000000000000000000000000000000000000AA
:20570000000000000000000000000000000000000000000000000000000000000000000089
:20572000000000000000000000000000000000000000000000000000000000000000000069
:20574000000000000000000000000000000000000000000000000000000000000000000049
:20576000000000000000000000000000000000000000000000000000000000000000000029
:20578000000000000000000000000000000000000000000000000000000000000000000009
:2057A0000000000000000000000000000000000000000000000000000000000000000000E9
:2057C0000000000000000000000000000000000000000000000000000000000000000000C9
:2057E0000000000000000000000000000000000000000000000000000000000000000000A9
:20580000000000000000000000000000000000000000000000000000000000000000000088
:205820000A120000000000000000000000000000000000000000000000000000000000004C
:20584000000000000000000000000000000000000000000000000000000000000000000048
:20586000000000000000000000000000000000000000000000000000000000000000000028
:20588000000000000000000000000000000000000000000000000000000000000000000008
:2058A0000000000000000000000000000000000000000000000000000000000000000000E8
:2058C0000000000000000000000000000000000000000000000000000000000000000000C8
:2058E0000000000000000000000000000000000000000000000000000000000000000000A8
:20590000000000000000000000000000000000000000000000000000000000000000000087
:20592000000000000000000000000000000000000000000000000000000000000000000067
:20594000000000000000000000000000000000000000000000000000000000000000000047
:20596000000000000000000000000000000000000000000000000000000000000000000027
:20598000000000000000000000000000000000000000000000000000000000000000000007
:2059A0000000000000000000000000000000000000000000000000000000000000000000E7
:2059C0000000000000000000000000000000000000000000000000000000000000000000C7
:2059E0000000000000000000000000000000000000000000000000000000000000000000A7
:205A00000A120000000000000000000000000000000000000000000000000000000000006A
:205A2000000000000000000000000000000000000000000000000000000000000000000066
:205A4000000000000000000000000000000000000000000000000000000000000000000046
:205A6000000000000000000000000000000000000000000000000000000000000000000026
:205A8000000000000000000000000000000000000000000000000000000000000000000006
:205AA0000000000000000000000000000000000000000000000000000000000000000000E6
:205AC0000000000000000000000000000000000000000000000000000000000000000000C6
:205AE0000000000000000000000000000000000000000000000000000000000000000000A6
:205B0000000000000000000000000000000000000000000000000000000000000000000085
:205B2000000000000000000000000000000000000000000000000000000000000000000065
:205B4000000000000000000000000000000000000000000000000000000000000000000045
:205B6000000000000000000000000000000000000000000000000000000000000000000025
:205B8000000000000000000000000000000000000000000000000000000000000000000005
:205BA0000000000000000000000000000000000000000000000000000000000000000000E5
:205BC0000000000000000000000000000000000000000000000000000000000000000000C5
:205BE0000A1200000000000000000000000000000000000000000000000000000000000089
:205C0000000000000000000000000000000000000000000000000000000000000000000084
:205C2000000000000000000000000000000000000000000000000000000000000000000064
:205C4000000000000000000000000000000000000000000000000000000000000000000044
:205C6000000000000000000000000000000000000000000000000000000000000000000024
:205C8000000000000000000000000000000000000000000000000000000000000000000004
:205CA0000000000000000000000000000000000000000000000000000000000000000000E4
:205CC0000000000000000000000000000000000000000000000000000000000000000000C4
:205CE0000000000000000000000000000000000000000000000000000000000000000000A4
:205D0000000000000000000000000000000000000000000000000000000000000000000083
:205D2000000000000000000000000000000000000000000000000000000000000000000063
:205D4000000000000000000000000000000000000000000000000000000000000000000043
:205D6000000000000000000000000000000000000000000000000000000000000000000023
:205D8000000000000000000000000000000000000000000000000000000000000000000003
:205DA0000000000000000000000000000000000000000000000000000000000000000000E3
:205DC0000A12000000000000000000000000000000000000000000000000000000000000A7
:205DE0000000000000000000000000000000000000000000000000000000000000000000A3
:205E0000000000000000000000000000000000000000000000000000000000000000000082
:205E2000000000000000000000000000000000000000000000000000000000000000000062
:205E4000000000000000000000000000000000000000000000000000000000000000000042
:205E6000000000000000000000000000000000000000000000000000000000000000000022
:205E8000000000000000000000000000000000000000000000000000000000000000000002
:205EA0000000000000000000000000000000000000000000000000000000000000000000E2
:205EC0000000000000000000000000000000000000000000000000000000000000000000C2
:205EE0000000000000000000000000000000000000000000000000000000000000000000A2
:205F0000000000000000000000000000000000000000000000000000000000000000000081
:205F2000000000000000000000000000000000000000000000000000000000000000000061
:205F4000000000000000000000000000000000000000000000000000000000000000000041
:205F6000000000000000000000000000000000000000000000000000000000000000000021
:205F8000000000000000000000000000000000000000000000000000000000000000000001
:205FA0000A12000000000000000000000000000000000000000000000000000000000000C5
:205FC0000000000000000000000000000000000000000000000000000000000000000000C1
:205FE0000000000000000000000000000000000000000000000000000000000000000000A1
:20600000000000000000000000000000000000000000000000000000000000000000000080
:20602000000000000000000000000000000000000000000000000000000000000000000060
:20604000000000000000000000000000000000000000000000000000000000000000000040
:20606000000000000000000000000000000000000000000000000000000000000000000020
:20608000000000000000000000000000000000000000000000000000000000000000000000
:2060A0000000000000000000000000000000000000000000000000000000000000000000E0
:2060C0000000000000000000000000000000000000000000000000000000000000000000C0
:2060E0000000000000000000000000000000000000000000000000000000000000000000A0
:2061000000000000000000000000000000000000000000000000000000000000000000007F
:2061200000000000000000000000000000000000000000000000000000000000000000005F
:2061400000000000000000000000000000000000000000000000000000000000000000003F
:2061600000000000000000000000000000000000000000000000000000000000000000001F
:206180000A12000000000000000000000000000000000000000000000000000000000000E3
:2061A0000000000000000000000000000000000000000000000000000000000000000000DF
:2061C0000000000000000000000000000000000000000000000000000000000000000000BF
:2061E00000000000000000000000000000000000000000000000000000000000000000009F
:2062000000000000000000000000000000000000000000000000000000000000000000007E
:2062200000000000000000000000000000000000000000000000000000000000000000005E
:2062400000000000000000000000000000000000000000000000000000000000000000003E
:2062600000000000000000000000000000000000000000000000000000000000000000001E
:206280000000000000000000000000000000000000000000000000000000000000000000FE
:2062A0000000000000000000000000000000000000000000000000000000000000000000DE
:2062C0000000000000000000000000000000000000000000000000000000000000000000BE
:2062E00000000000000000000000000000000000000000000000000000000000000000009E
:2063000000000000000000000000000000000000000000000000000000000000000000007D
:2063200000000000000000000000000000000000000000000000000000000000000000005D
:2063400000000000000000000000000000000000000000000000000000000000000000003D
:206360000A1200000000000000000000000000000000000000000000000000000000000001
:206380000000000000000000000000000000000000000000000000000000000000000000FD
:2063A0000000000000000000000000000000000000000000000000000000000000000000DD
:2063C0000000000000000000000000000000000000000000000000000000000000000000BD
:2063E00000000000000000000000000000000000000000000000000000000000000000009D
:2064000000000000000000000000000000000000000000000000000000000000000000007C
:2064200000000000000000000000000000000000000000000000000000000000000000005C
:2064400000000000000000000000000000000000000000000000000000000000000000003C
:2064600000000000000000000000000000000000000000000000000000000000000000001C
:206480000000000000000000000000000000000000000000000000000000000000000000FC
:2064A0000000000000000000000000000000000000000000000000000000000000000000DC
:2064C0000000000000000000000000000000000000000000000000000000000000000000BC
:2064E00000000000000000000000000000000000000000000000000000000000000000009C
:2065000000000000000000000000000000000000000000000000000000000000000000007B
:2065200000000000000000000000000000000000000000000000000000000000000000005B
:206540000A120000000000000000000000000000000000000000000000000000000000001F
:2065600000000000000000000000000000000000000000000000000000000000000000001B
:206580000000000000000000000000000000000000000000000000000000000000000000FB
:2065A0000000000000000000000000000000000000000000000000000000000000000000DB
:2065C0000000000000000000000000000000000000000000000000000000000000000000BB
:2065E00000000000000000000000000000000000000000000000000000000000000000009B
:2066000000000000000000000000000000000000000000000000000000000000000000007A
:2066200000000000000000000000000000000000000000000000000000000000000000005A
:2066400000000000000000000000000000000000000000000000000000000000000000003A
:2066600000000000000000000000000000000000000000000000000000000000000000001A
:206680000000000000000000000000000000000000000000000000000000000000000000FA
:2066A0000000000000000000000000000000000000000000000000000000000000000000DA
:2066C0000000000000000000000000000000000000000000000000000000000000000000BA
:2066E00000000000000000000000000000000000000000000000000000000000000000009A
:20670000000000000000000000000000000000000000000000000000000000000000000079
:206720000A120000000000000000000000000000000000000000000000000000000000003D
:20674000000000000000000000000000000000000000000000000000000000000000000039
:20676000000000000000000000000000000000000000000000000000000000000000000019
:206780000000000000000000000000000000000000000000000000000000000000000000F9
:2067A0000000000000000000000000000000000000000000000000000000000000000000D9
:2067C0000000000000000000000000000000000000000000000000000000000000000000B9
:2067E000000000000000000000000000000000000000000000000000000000000000000099
:20680000000000000000000000000000000000000000000000000000000000000000000078
:20682000000000000000000000000000000000000000000000000000000000000000000058
:20684000000000000000000000000000000000000000000000000000000000000000000038
:20686000000000000000000000000000000000000000000000000000000000000000000018
:206880000000000000000000000000000000000000000000000000000000000000000000F8
:2068A0000000000000000000000000000000000000000000000000000000000000000000D8
:2068C0000000000000000000000000000000000000000000000000000000000000000000B8
:2068E000000000000000000000000000000000000000000000000000000000000000000098
:206900000A120000000000000000000000000000000000000000000000000000000000005B
:20692000000000000000000000000000000000000000000000000000000000000000000057
:20694000000000000000000000000000000000000000000000000000000000000000000037
:20696000000000000000000000000000000000000000000000000000000000000000000017
:206980000000000000000000000000000000000000000000000000000000000000000000F7
:2069A0000000000000000000000000000000000000000000000000000000000000000000D7
:2069C0000000000000000000000000000000000000000000000000000000000000000000B7
:2069E000000000000000000000000000000000000000000000000000000000000000000097
:206A0000000000000000000000000000000000000000000000000000000000000000000076
:206A2000000000000000000000000000000000000000000000000000000000000000000056
:206A4000000000000000000000000000000000000000000000000000000000000000000036
:206A6000000000000000000000000000000000000000000000000000000000000000000016
:206A80000000000000000000000000000000000000000000000000000000000000000000F6
:206AA0000000000000000000000000000000000000000000000000000000000000000000D6
:206AC0000000000000000000000000000000000000000000000000000000000000000000B6
:206AE0000A120000000000000000000000000000000000000000000000000000000000007A
:206B0000000000000000000000000000000000000000000000000000000000000000000075
:206B2000000000000000000000000000000000000000000000000000000000000000000055
:206B4000000000000000000000000000000000000000000000000000000000000000000035
:206B6000000000000000000000000000000000000000000000000000000000000000000015
:206B80000000000000000000000000000000000000000000000000000000000000000000F5
:206BA0000000000000000000000000000000000000000000000000000000000000000000D5
:206BC0000000000000000000000000000000000000000000000000000000000000000000B5
:206BE000000000000000000000000000000000000000000000000000000000000000000095
:206C0000000000000000000000000000000000000000000000000000000000000000000074
:206C2000000000000000000000000000000000000000000000000000000000000000000054
:206C4000000000000000000000000000000000000000000000000000000000000000000034
:206C6000000000000000000000000000000000000000000000000000000000000000000014
:206C80000000000000000000000000000000000000000000000000000000000000000000F4
:206CA0000000000000000000000000000000000000000000000000000000000000000000D4
:206CC0000A1200000000000000000000000000000000000000000000000000000000000098
:206CE000000000000000000000000000000000000000000000000000000000000000000094
:206D0000000000000000000000000000000000000000000000000000000000000000000073
:206D2000000000000000000000000000000000000000000000000000000000000000000053
:206D4000000000000000000000000000000000000000000000000000000000000000000033
:206D6000000000000000000000000000000000000000000000000000000000000000000013
:206D80000000000000000000000000000000000000000000000000000000000000000000F3
:206DA0000000000000000000000000000000000000000000000000000000000000000000D3
:206DC0000000000000000000000000000000000000000000000000000000000000000000B3
:206DE000000000000000000000000000000000000000000000000000000000000000000093
:206E0000000000000000000000000000000000000000000000000000000000000000000072
:206E2000000000000000000000000000000000000000000000000000000000000000000052
:206E4000000000000000000000000000000000000000000000000000000000000000000032
:206E6000000000000000000000000000000000000000000000000000000000000000000012
:206E80000000000000000000000000000000000000000000000000000000000000000000F2
:206EA0000A12000000000000000000000000000000000000000000000000000000000000B6
:206EC0000000000000000000000000000000000000000000000000000000000000000000B2
:206EE000000000000000000000000000000000000000000000000000000000000000000092
:206F0000000000000000000000000000000000000000000000000000000000000000000071
:206F2000000000000000000000000000000000000000000000000000000000000000000051
:206F4000000000000000000000000000000000000000000000000000000000000000000031
:206F6000000000000000000000000000000000000000000000000000000000000000000011
:206F80000000000000000000000000000000000000000000000000000000000000000000F1
:206FA0000000000000000000000000000000000000000000000000000000000000000000D1
:206FC0000000000000000000000000000000000000000000000000000000000000000000B1
:206FE000000000000000000000000000000000000000000000000000000000000000000091
:20700000000000000000000000000000000000000000000000000000000000000000000070
:20702000000000000000000000000000000000000000000000000000000000000000000050
:20704000000000000000000000000000000000000000000000000000000000000000000030
:20706000000000000000000000000000000000000000000000000000000000000000000010
:207080000A12000000000000000000000000000000000000000000000000000000000000D4
:2070A0000000000000000000000000000000000000000000000000000000000000000000D0
:2070C0000000000000000000000000000000000000000000000000000000000000000000B0
:2070E000000000000000000000000000000000000000000000000000000000000000000090
:2071000000000000000000000000000000000000000000000000000000000000000000006F
:2071200000000000000000000000000000000000000000000000000000000000000000004F
:2071400000000000000000000000000000000000000000000000000000000000000000002F
:2071600000000000000000000000000000000000000000000000000000000000000000000F
:207180000000000000000000000000000000000000000000000000000000000000000000EF
:2071A0000000000000000000000000000000000000000000000000000000000000000000CF
:2071C0000000000000000000000000000000000000000000000000000000000000000000AF
:2071E00000000000000000000000000000000000000000000000000000000000000000008F
:2072000000000000000000000000000000000000000000000000000000000000000000006E
:2072200000000000000000000000000000000000000000000000000000000000000000004E
:2072400000000000000000000000000000000000000000000000000000000000000000002E
:207260000A12000000000000000000000000000000000000000000000000000000000000F2
:207280000000000000000000000000000000000000000000000000000000000000000000EE
:2072A0000000000000000000000000000000000000000000000000000000000000000000CE
:2072C0000000000000000000000000000000000000000000000000000000000000000000AE
:2072E00000000000000000000000000000000000000000000000000000000000000000008E
:2073000000000000000000000000000000000000000000000000000000000000000000006D
:2073200000000000000000000000000000000000000000000000000000000000000000004D
:2073400000000000000000000000000000000000000000000000000000000000000000002D
:2073600000000000000000000000000000000000000000000000000000000000000000000D
:207380000000000000000000000000000000000000000000000000000000000000000000ED
:2073A0000000000000000000000000000000000000000000000000000000000000000000CD
:2073C0000000000000000000000000000000000000000000000000000000000000000000AD
:2073E00000000000000000000000000000000000000000000000000000000000000000008D
:2074000000000000000000000000000000000000000000000000000000000000000000006C
:2074200000000000000000000000000000000000000000000000000000000000000000004C
:207440000A1200000000000000000000000000000000000000000000000000000000000010
:2074600000000000000000000000000000000000000000000000000000000000000000000C
:207480000000000000000000000000000000000000000000000000000000000000000000EC
:2074A0000000000000000000000000000000000000000000000000000000000000000000CC
:2074C0000000000000000000000000000000000000000000000000000000000000000000AC
:2074E00000000000000000000000000000000000000000000000000000000000000000008C
:2075000000000000000000000000000000000000000000000000000000000000000000006B
:2075200000000000000000000000000000000000000000000000000000000000000000004B
:2075400000000000000000000000000000000000000000000000000000000000000000002B
:2075600000000000000000000000000000000000000000000000000000000000000000000B
:207580000000000000000000000000000000000000000000000000000000000000000000EB
:2075A0000000000000000000000000000000000000000000000000000000000000000000CB
:2075C0000000000000000000000000000000000000000000000000000000000000000000AB
:2075E00000000000000000000000000000000000000000000000000000000000000000008B
:2076000000000000000000000000000000000000000000000000000000000000000000006A
:207620000A120000000000000000000000000000000000000000000000000000000000002E
:2076400000000000000000000000000000000000000000000000000000000000000000002A
:2076600000000000000000000000000000000000000000000000000000000000000000000A
:207680000000000000000000000000000000000000000000000000000000000000000000EA
:2076A0000000000000000000000000000000000000000000000000000000000000000000CA
:2076C0000000000000000000000000000000000000000000000000000000000000000000AA
:2076E00000000000000000000000000000000000000000000000000000000000000000008A
:20770000000000000000000000000000000000000000000000000000000000000000000069
:20772000000000000000000000000000000000000000000000000000000000000000000049
:20774000000000000000000000000000000000000000000000000000000000000000000029
:20776000000000000000000000000000000000000000000000000000000000000000000009
:207780000000000000000000000000000000000000000000000000000000000000000000E9
:2077A0000000000000000000000000000000000000000000000000000000000000000000C9
:2077C0000000000000000000000000000000000000000000000000000000000000000000A9
:2077E000000000000000000000000000000000000000000000000000000000000000000089
:207800000A120000000000000000000000000000000000000000000000000000000000004C
:20782000000000000000000000000000000000000000000000000000000000000000000048
:20784000000000000000000000000000000000000000000000000000000000000000000028
:20786000000000000000000000000000000000000000000000000000000000000000000008
:207880000000000000000000000000000000000000000000000000000000000000000000E8
:2078A0000000000000000000000000000000000000000000000000000000000000000000C8
:2078C0000000000000000000000000000000000000000000000000000000000000000000A8
:2078E000000000000000000000000000000000000000000000000000000000000000000088
:20790000000000000000000000000000000000000000000000000000000000000000000067
:20792000000000000000000000000000000000000000000000000000000000000000000047
:20794000000000000000000000000000000000000000000000000000000000000000000027
:20796000000000000000000000000000000000000000000000000000000000000000000007
:207980000000000000000000000000000000000000000000000000000000000000000000E7
:2079A0000000000000000000000000000000000000000000000000000000000000000000C7
:2079C0000000000000000000000000000000000000000000000000000000000000000000A7
:2079E0000A120000000000000000000000000000000000000000000000000000000000006B
:207A0000000000000000000000000000000000000000000000000000000000000000000066
:207A2000000000000000000000000000000000000000000000000000000000000000000046
:207A4000000000000000000000000000000000000000000000000000000000000000000026
:207A6000000000000000000000000000000000000000000000000000000000000000000006
:207A80000000000000000000000000000000000000000000000000000000000000000000E6
:207AA0000000000000000000000000000000000000000000000000000000000000000000C6
:207AC0000000000000000000000000000000000000000000000000000000000000000000A6
:207AE000000000000000000000000000000000000000000000000000000000000000000086
:207B0000000000000000000000000000000000000000000000000000000000000000000065
:207B2000000000000000000000000000000000000000000000000000000000000000000045
:207B4000000000000000000000000000000000000000000000000000000000000000000025
:207B6000000000000000000000000000000000000000000000000000000000000000000005
:207B80000000000000000000000000000000000000000000000000000000000000000000E5
:207BA0000000000000000000000000000000000000000000000000000000000000000000C5
:207BC0000A1200000000000000000000000000000000000000000000000000000000000089
:207BE000000000000000000000000000000000000000000000000000000000000000000085
:207C0000000000000000000000000000000000000000000000000000000000000000000064
:207C2000000000000000000000000000000000000000000000000000000000000000000044
:207C4000000000000000000000000000000000000000000000000000000000000000000024
:207C6000000000000000000000000000000000000000000000000000000000000000000004
:207C80000000000000000000000000000000000000000000000000000000000000000000E4
:207CA0000000000000000000000000000000000000000000000000000000000000000000C4
:207CC0000000000000000000000000000000000000000000000000000000000000000000A4
:207CE000000000000000000000000000000000000000000000000000000000000000000084
:207D0000000000000000000000000000000000000000000000000000000000000000000063
:207D2000000000000000000000000000000000000000000000000000000000000000000043
:207D4000000000000000000000000000000000000000000000000000000000000000000023
:207D6000000000000000000000000000000000000000000000000000000000000000000003
:207D80000000000000000000000000000000000000000000000000000000000000000000E3
:207DA0000A12000000000000000000000000000000000000000000000000000000000000A7
:207DC0000000000000000000000000000000000000000000000000000000000000000000A3
:207DE000000000000000000000000000000000000000000000000000000000000000000083
:207E0000000000000000000000000000000000000000000000000000000000000000000062
:207E2000000000000000000000000000000000000000000000000000000000000000000042
:207E4000000000000000000000000000000000000000000000000000000000000000000022
:207E6000000000000000000000000000000000000000000000000000000000000000000002
:207E80000000000000000000000000000000000000000000000000000000000000000000E2
:207EA0000000000000000000000000000000000000000000000000000000000000000000C2
:207EC0000000000000000000000000000000000000000000000000000000000000000000A2
:207EE000000000000000000000000000000000000000000000000000000000000000000082
:207F0000000000000000000000000000000000000000000000000000000000000000000061
:207F2000000000000000000000000000000000000000000000000000000000000000000041
:207F4000000000000000000000000000000000000000000000000000000000000000000021
:207F6000000000000000000000000000000000000000000000000000000000000000000001
:207F80000A12000000000000000000000000000000000000000000000000000000000000C5
:207FA0000000000000000000000000000000000000000000000000000000000000000000C1
:207FC0000000000000000000000000000000000000000000000000000000000000000000A1
:207FE000000000000000000000000000000000000000000000000000000000000000000081
:20800000000000000000000000000000000000000000000000000000000000000000000060
:20802000000000000000000000000000000000000000000000000000000000000000000040
:20804000000000000000000000000000000000000000000000000000000000000000000020
:20806000000000000000000000000000000000000000000000000000000000000000000000
:208080000000000000000000000000000000000000000000000000000000000000000000E0
:2080A0000000000000000000000000000000000000000000000000000000000000000000C0
:2080C0000000000000000000000000000000000000000000000000000000000000000000A0
:2080E000000000000000000000000000000000000000000000000000000000000000000080
:2081000000000000000000000000000000000000000000000000000000000000000000005F
:2081200000000000000000000000000000000000000000000000000000000000000000003F
:2081400000000000000000000000000000000000000000000000000000000000000000001F
:208160000A12000000000000000000000000000000000000000000000000000000000000E3
:208180000000000000000000000000000000000000000000000000000000000000000000DF
:2081A0000000000000000000000000000000000000000000000000000000000000000000BF
:2081C00000000000000000000000000000000000000000000000000000000000000000009F
:2081E00000000000000000000000000000000000000000000000000000000000000000007F
:2082000000000000000000000000000000000000000000000000000000000000000000005E
:2082200000000000000000000000000000000000000000000000000000000000000000003E
:2082400000000000000000000000000000000000000000000000000000000000000000001E
:208260000000000000000000000000000000000000000000000000000000000000000000FE
:208280000000000000000000000000000000000000000000000000000000000000000000DE
:2082A0000000000000000000000000000000000000000000000000000000000000000000BE
:2082C00000000000000000000000000000000000000000000000000000000000000000009E
:2082E00000000000000000000000000000000000000000000000000000000000000000007E
:2083000000000000000000000000000000000000000000000000000000000000000000005D
:2083200000000000000000000000000000000000000000000000000000000000000000003D
:208340000A1200000000000000000000000000000000000000000000000000000000000001
:208360000000000000000000000000000000000000000000000000000000000000000000FD
:208380000000000000000000000000000000000000000000000000000000000000000000DD
:2083A0000000000000000000000000000000000000000000000000000000000000000000BD
:2083C00000000000000000000000000000000000000000000000000000000000000000009D
:2083E00000000000000000000000000000000000000000000000000000000000000000007D
:2084000000000000000000000000000000000000000000000000000000000000000000005C
:2084200000000000000000000000000000000000000000000000000000000000000000003C
:2084400000000000000000000000000000000000000000000000000000000000000000001C
:208460000000000000000000000000000000000000000000000000000000000000000000FC
:208480000000000000000000000000000000000000000000000000000000000000000000DC
:2084A0000000000000000000000000000000000000000000000000000000000000000000BC
:2084C00000000000000000000000000000000000000000000000000000000000000000009C
:2084E00000000000000000000000000000000000000000000000000000000000000000007C
:2085000000000000000000000000000000000000000000000000000000000000000000005B
:208520000A120000000000000000000000000000000000000000000000000000000000001F
:2085400000000000000000000000000000000000000000000000000000000000000000001B
:208560000000000000000000000000000000000000000000000000000000000000000000FB
:208580000000000000000000000000000000000000000000000000000000000000000000DB
:2085A0000000000000000000000000000000000000000000000000000000000000000000BB
:2085C00000000000000000000000000000000000000000000000000000000000000000009B
:2085E00000000000000000000000000000000000000000000000000000000000000000007B
:2086000000000000000000000000000000000000000000000000000000000000000000005A
:2086200000000000000000000000000000000000000000000000000000000000000000003A
:2086400000000000000000000000000000000000000000000000000000000000000000001A
:208660000000000000000000000000000000000000000000000000000000000000000000FA
:208680000000000000000000000000000000000000000000000000000000000000000000DA
:2086A0000000000000000000000000000000000000000000000000000000000000000000BA
:2086C00000000000000000000000000000000000000000000000000000000000000000009A
:2086E00000000000000000000000000000000000000000000000000000000000000000007A
:208700000A120000000000000000000000000000000000000000000000000000000000003D
:20872000000000000000000000000000000000000000000000000000000000000000000039
:20874000000000000000000000000000000000000000000000000000000000000000000019
:208760000000000000000000000000000000000000000000000000000000000000000000F9
:208780000000000000000000000000000000000000000000000000000000000000000000D9
:2087A0000000000000000000000000000000000000000000000000000000000000000000B9
:2087C000000000000000000000000000000000000000000000000000000000000000000099
:2087E000000000000000000000000000000000000000000000000000000000000000000079
:20880000000000000000000000000000000000000000000000000000000000000000000058
:20882000000000000000000000000000000000000000000000000000000000000000000038
:20884000000000000000000000000000000000000000000000000000000000000000000018
:208860000000000000000000000000000000000000000000000000000000000000000000F8
:208880000000000000000000000000000000000000000000000000000000000000000000D8
:2088A0000000000000000000000000000000000000000000000000000000000000000000B8
:2088C000000000000000000000000000000000000000000000000000000000000000000098
:2088E0000A120000000000000000000000000000000000000000000000000000000000005C
:20890000000000000000000000000000000000000000000000000000000000000000000057
:20892000000000000000000000000000000000000000000000000000000000000000000037
:20894000000000000000000000000000000000000000000000000000000000000000000017
:208960000000000000000000000000000000000000000000000000000000000000000000F7
:208980000000000000000000000000000000000000000000000000000000000000000000D7
:2089A0000000000000000000000000000000000000000000000000000000000000000000B7
:2089C000000000000000000000000000000000000000000000000000000000000000000097
:2089E000000000000000000000000000000000000000000000000000000000000000000077
:208A0000000000000000000000000000000000000000000000000000000000000000000056
:208A2000000000000000000000000000000000000000000000000000000000000000000036
:208A4000000000000000000000000000000000000000000000000000000000000000000016
:208A60000000000000000000000000000000000000000000000000000000000000000000F6
:208A80000000000000000000000000000000000000000000000000000000000000000000D6
:208AA0000000000000000000000000000000000000000000000000000000000000000000B6
:208AC0000A120000000000000000000000000000000000000000000000000000000000007A
:208AE000000000000000000000000000000000000000000000000000000000000000000076
:208B0000000000000000000000000000000000000000000000000000000000000000000055
:208B2000000000000000000000000000000000000000000000000000000000000000000035
:208B4000000000000000000000000000000000000000000000000000000000000000000015
:208B60000000000000000000000000000000000000000000000000000000000000000000F5
:208B80000000000000000000000000000000000000000000000000000000000000000000D5
:208BA0000000000000000000000000000000000000000000000000000000000000000000B5
:208BC000000000000000000000000000000000000000000000000000000000000000000095
:208BE000000000000000000000000000000000000000000000000000000000000000000075
:208C0000000000000000000000000000000000000000000000000000000000000000000054
:208C2000000000000000000000000000000000000000000000000000000000000000000034
:208C4000000000000000000000000000000000000000000000000000000000000000000014
:208C60000000000000000000000000000000000000000000000000000000000000000000F4
:208C80000000000000000000000000000000000000000000000000000000000000000000D4
:208CA0000A1200000000000000000000000000000000000000000000000000000000000098
:208CC000000000000000000000000000000000000000000000000000000000000000000094
:208CE000000000000000000000000000000000000000000000000000000000000000000074
:208D0000000000000000000000000000000000000000000000000000000000000000000053
:208D2000000000000000000000000000000000000000000000000000000000000000000033
:208D4000000000000000000000000000000000000000000000000000000000000000000013
:208D60000000000000000000000000000000000000000000000000000000000000000000F3
:208D80000000000000000000000000000000000000000000000000000000000000000000D3
:208DA0000000000000000000000000000000000000000000000000000000000000000000B3
:208DC000000000000000000000000000000000000000000000000000000000000000000093
:208DE000000000000000000000000000000000000000000000000000000000000000000073
:208E0000000000000000000000000000000000000000000000000000000000000000000052
:208E2000000000000000000000000000000000000000000000000000000000000000000032
:208E4000000000000000000000000000000000000000000000000000000000000000000012
:208E60000000000000000000000000000000000000000000000000000000000000000000F2
:208E80000A12000000000000000000000000000000000000000000000000000000000000B6
:208EA0000000000000000000000000000000000000000000000000000000000000000000B2
:208EC000000000000000000000000000000000000000000000000000000000000000000092
:208EE000000000000000000000000000000000000000000000000000000000000000000072
:208F0000000000000000000000000000000000000000000000000000000000000000000051
:208F2000000000000000000000000000000000000000000000000000000000000000000031
:208F4000000000000000000000000000000000000000000000000000000000000000000011
:208F60000000000000000000000000000000000000000000000000000000000000000000F1
:208F80000000000000000000000000000000000000000000000000000000000000000000D1
:208FA0000000000000000000000000000000000000000000000000000000000000000000B1
:208FC000000000000000000000000000000000000000000000000000000000000000000091
:208FE000000000000000000000000000000000000000000000000000000000000000000071
:20900000000000000000000000000000000000000000000000000000000000000000000050
:20902000000000000000000000000000000000000000000000000000000000000000000030
:20904000000000000000000000000000000000000000000000000000000000000000000010
:209060000A12000000000000000000000000000000000000000000000000000000000000D4
:209080000000000000000000000000000000000000000000000000000000000000000000D0
:2090A0000000000000000000000000000000000000000000000000000000000000000000B0
:2090C000000000000000000000000000000000000000000000000000000000000000000090
:2090E000000000000000000000000000000000000000000000000000000000000000000070
:2091000000000000000000000000000000000000000000000000000000000000000000004F
:2091200000000000000000000000000000000000000000000000000000000000000000002F
:2091400000000000000000000000000000000000000000000000000000000000000000000F
:209160000000000000000000000000000000000000000000000000000000000000000000EF
:209180000000000000000000000000000000000000000000000000000000000000000000CF
:2091A0000000000000000000000000000000000000000000000000000000000000000000AF
:2091C00000000000000000000000000000000000000000000000000000000000000000008F
:2091E00000000000000000000000000000000000000000000000000000000000000000006F
:2092000000000000000000000000000000000000000000000000000000000000000000004E
:2092200000000000000000000000000000000000000000000000000000000000000000002E
:209240000A12000000000000000000000000000000000000000000000000000000000000F2
:209260000000000000000000000000000000000000000000000000000000000000000000EE
:209280000000000000000000000000000000000000000000000000000000000000000000CE
:2092A0000000000000000000000000000000000000000000000000000000000000000000AE
:2092C00000000000000000000000000000000000000000000000000000000000000000008E
:2092E00000000000000000000000000000000000000000000000000000000000000000006E
:2093000000000000000000000000000000000000000000000000000000000000000000004D
:2093200000000000000000000000000000000000000000000000000000000000000000002D
:2093400000000000000000000000000000000000000000000000000000000000000000000D
:209360000000000000000000000000000000000000000000000000000000000000000000ED
:209380000000000000000000000000000000000000000000000000000000000000000000CD
:2093A0000000000000000000000000000000000000000000000000000000000000000000AD
:2093C00000000000000000000000000000000000000000000000000000000000000000008D
:2093E00000000000000000000000000000000000000000000000000000000000000000006D
:2094000000000000000000000000000000000000000000000000000000000000000000004C
:209420000A1200000000000000000000000000000000000000000000000000000000000010
:2094400000000000000000000000000000000000000000000000000000000000000000000C
:209460000000000000000000000000000000000000000000000000000000000000000000EC
:209480000000000000000000000000000000000000000000000000000000000000000000CC
:2094A0000000000000000000000000000000000000000000000000000000000000000000AC
:2094C00000000000000000000000000000000000000000000000000000000000000000008C
:2094E00000000000000000000000000000000000000000000000000000000000000000006C
:2095000000000000000000000000000000000000000000000000000000000000000000004B
:2095200000000000000000000000000000000000000000000000000000000000000000002B
:2095400000000000000000000000000000000000000000000000000000000000000000000B
:209560000000000000000000000000000000000000000000000000000000000000000000EB
:209580000000000000000000000000000000000000000000000000000000000000000000CB
:2095A0000000000000000000000000000000000000000000000000000000000000000000AB
:2095C00000000000000000000000000000000000000000000000000000000000000000008B
:2095E00000000000000000000000000000000000000000000000000000000000000000006B
:209600000A120000000000000000000000000000000000000000000000000000000000002E
:2096200000000000000000000000000000000000000000000000000000000000000000002A
:2096400000000000000000000000000000000000000000000000000000000000000000000A
:209660000000000000000000000000000000000000000000000000000000000000000000EA
:209680000000000000000000000000000000000000000000000000000000000000000000CA
:2096A0000000000000000000000000000000000000000000000000000000000000000000AA
:2096C00000000000000000000000000000000000000000000000000000000000000000008A
:2096E00000000000000000000000000000000000000000000000000000000000000000006A
:20970000000000000000000000000000000000000000000000000000000000000000000049
:20972000000000000000000000000000000000000000000000000000000000000000000029
:20974000000000000000000000000000000000000000000000000000000000000000000009
:209760000000000000000000000000000000000000000000000000000000000000000000E9
:209780000000000000000000000000000000000000000000000000000000000000000000C9
:2097A0000000000000000000000000000000000000000000000000000000000000000000A9
:2097C000000000000000000000000000000000000000000000000000000000000000000089
:2097E0000A120000000000000000000000000000000000000000000000000000000000004D
:20980000000000000000000000000000000000000000000000000000000000000000000048
:20982000000000000000000000000000000000000000000000000000000000000000000028
:20984000000000000000000000000000000000000000000000000000000000000000000008
:209860000000000000000000000000000000000000000000000000000000000000000000E8
:209880000000000000000000000000000000000000000000000000000000000000000000C8
:2098A0000000000000000000000000000000000000000000000000000000000000000000A8
:2098C000000000000000000000000000000000000000000000000000000000000000000088
:2098E000000000000000000000000000000000000000000000000000000000000000000068
:20990000000000000000000000000000000000000000000000000000000000000000000047
:20992000000000000000000000000000000000000000000000000000000000000000000027
:20994000000000000000000000000000000000000000000000000000000000000000000007
:209960000000000000000000000000000000000000000000000000000000000000000000E7
:209980000000000000000000000000000000000000000000000000000000000000000000C7
:2099A0000000000000000000000000000000000000000000000000000000000000000000A7
:2099C0000A120000000000000000000000000000000000000000000000000000000000006B
:2099E000000000000000000000000000000000000000000000000000000000000000000067
:209A0000000000000000000000000000000000000000000000000000000000000000000046
:209A2000000000000000000000000000000000000000000000000000000000000000000026
:209A4000000000000000000000000000000000000000000000000000000000000000000006
:209A60000000000000000000000000000000000000000000000000000000000000000000E6
:209A80000000000000000000000000000000000000000000000000000000000000000000C6
:209AA0000000000000000000000000000000000000000000000000000000000000000000A6
:209AC000000000000000000000000000000000000000000000000000000000000000000086
:209AE000000000000000000000000000000000000000000000000000000000000000000066
:209B0000000000000000000000000000000000000000000000000000000000000000000045
:209B2000000000000000000000000000000000000000000000000000000000000000000025
:209B4000000000000000000000000000000000000000000000000000000000000000000005
:209B60000000000000000000000000000000000000000000000000000000000000000000E5
:209B80000000000000000000000000000000000000000000000000000000000000000000C5
:209BA0000A1200000000000000000000000000000000000000000000000000000000000089
:209BC000000000000000000000000000000000000000000000000000000000000000000085
:209BE000000000000000000000000000000000000000000000000000000000000000000065
:209C0000000000000000000000000000000000000000000000000000000000000000000044
:209C2000000000000000000000000000000000000000000000000000000000000000000024
:209C4000000000000000000000000000000000000000000000000000000000000000000004
:209C60000000000000000000000000000000000000000000000000000000000000000000E4
:209C80000000000000000000000000000000000000000000000000000000000000000000C4
:209CA0000000000000000000000000000000000000000000000000000000000000000000A4
:209CC000000000000000000000000000000000000000000000000000000000000000000084
:209CE000000000000000000000000000000000000000000000000000000000000000000064
:209D0000000000000000000000000000000000000000000000000000000000000000000043
:209D2000000000000000000000000000000000000000000000000000000000000000000023
:209D4000000000000000000000000000000000000000000000000000000000000000000003
:209D60000000000000000000000000000000000000000000000000000000000000000000E3
:209D80000A12000000000000000000000000000000000000000000000000000000000000A7
:209DA0000000000000000000000000000000000000000000000000000000000000000000A3
:209DC000000000000000000000000000000000000000000000000000000000000000000083
:209DE000000000000000000000000000000000000000000000000000000000000000000063
:209E0000000000000000000000000000000000000000000000000000000000000000000042
:209E2000000000000000000000000000000000000000000000000000000000000000000022
:209E4000000000000000000000000000000000000000000000000000000000000000000002
:209E60000000000000000000000000000000000000000000000000000000000000000000E2
:209E80000000000000000000000000000000000000000000000000000000000000000000C2
:209EA0000000000000000000000000000000000000000000000000000000000000000000A2
:209EC000000000000000000000000000000000000000000000000000000000000000000082
:209EE000000000000000000000000000000000000000000000000000000000000000000062
:209F0000000000000000000000000000000000000000000000000000000000000000000041
:209F2000000000000000000000000000000000000000000000000000000000000000000021
:209F4000000000000000000000000000000000000000000000000000000000000000000001
:209F60000A12000000000000000000000000000000000000000000000000000000000000C5
:209F80000000000000000000000000000000000000000000000000000000000000000000C1
:209FA0000000000000000000000000000000000000000000000000000000000000000000A1
:209FC000000000000000000000000000000000000000000000000000000000000000000081
:209FE000000000000000000000000000000000000000000000000000000000000000000061
:20A00000000000000000000000000000000000000000000000000000000000000000000040
:20A02000000000000000000000000000000000000000000000000000000000000000000020
:20A04000000000000000000000000000000000000000000000000000000000000000000000
:20A060000000000000000000000000000000000000000000000000000000000000000000E0
:20A080000000000000000000000000000000000000000000000000000000000000000000C0
:20A0A0000000000000000000000000000000000000000000000000000000000000000000A0
:20A0C000000000000000000000000000000000000000000000000000000000000000000080
:20A0E000000000000000000000000000000000000000000000000000000000000000000060
:20A1000000000000000000000000000000000000000000000000000000000000000000003F
:20A1200000000000000000000000000000000000000000000000000000000000000000001F
:20A140000A12000000000000000000000000000000000000000000000000000000000000E3
:20A160000000000000000000000000000000000000000000000000000000000000000000DF
:20A180000000000000000000000000000000000000000000000000000000000000000000BF
:20A1A00000000000000000000000000000000000000000000000000000000000000000009F
:20A1C00000000000000000000000000000000000000000000000000000000000000000007F
:20A1E00000000000000000000000000000000000000000000000000000000000000000005F
:20A2000000000000000000000000000000000000000000000000000000000000000000003E
:20A2200000000000000000000000000000000000000000000000000000000000000000001E
:20A240000000000000000000000000000000000000000000000000000000000000000000FE
:20A260000000000000000000000000000000000000000000000000000000000000000000DE
:20A280000000000000000000000000000000000000000000000000000000000000000000BE
:20A2A00000000000000000000000000000000000000000000000000000000000000000009E
:20A2C00000000000000000000000000000000000000000000000000000000000000000007E
:20A2E00000000000000000000000000000000000000000000000000000000000000000005E
:20A3000000000000000000000000000000000000000000000000000000000000000000003D
:20A320000A1200000000000000000000000000000000000000000000000000000000000001
:20A340000000000000000000000000000000000000000000000000000000000000000000FD
:20A360000000000000000000000000000000000000000000000000000000000000000000DD
:20A380000000000000000000000000000000000000000000000000000000000000000000BD
:20A3A00000000000000000000000000000000000000000000000000000000000000000009D
:20A3C00000000000000000000000000000000000000000000000000000000000000000007D
:20A3E00000000000000000000000000000000000000000000000000000000000000000005D
:20A4000000000000000000000000000000000000000000000000000000000000000000003C
:20A4200000000000000000000000000000000000000000000000000000000000000000001C
:20A440000000000000000000000000000000000000000000000000000000000000000000FC
:20A460000000000000000000000000000000000000000000000000000000000000000000DC
:20A480000000000000000000000000000000000000000000000000000000000000000000BC
:20A4A00000000000000000000000000000000000000000000000000000000000000000009C
:20A4C00000000000000000000000000000000000000000000000000000000000000000007C
:20A4E00000000000000000000000000000000000000000000000000000000000000000005C
:20A500000A120000000000000000000000000000000000000000000000000000000000001F
:20A5200000000000000000000000000000000000000000000000000000000000000000001B
:20A540000000000000000000000000000000000000000000000000000000000000000000FB
:20A560000000000000000000000000000000000000000000000000000000000000000000DB
:20A580000000000000000000000000000000000000000000000000000000000000000000BB
:20A5A00000000000000000000000000000000000000000000000000000000000000000009B
:20A5C00000000000000000000000000000000000000000000000000000000000000000007B
:20A5E00000000000000000000000000000000000000000000000000000000000000000005B
:20A6000000000000000000000000000000000000000000000000000000000000000000003A
:20A6200000000000000000000000000000000000000000000000000000000000000000001A
:20A640000000000000000000000000000000000000000000000000000000000000000000FA
:20A660000000000000000000000000000000000000000000000000000000000000000000DA
:20A680000000000000000000000000000000000000000000000000000000000000000000BA
:20A6A00000000000000000000000000000000000000000000000000000000000000000009A
:20A6C00000000000000000000000000000000000000000000000000000000000000000007A
:20A6E0000A120000000000000000000000000000000000000000000000000000000000003E
:20A70000000000000000000000000000000000000000000000000000000000000000000039
:20A72000000000000000000000000000000000000000000000000000000000000000000019
:20A740000000000000000000000000000000000000000000000000000000000000000000F9
:20A760000000000000000000000000000000000000000000000000000000000000000000D9
:20A780000000000000000000000000000000000000000000000000000000000000000000B9
:20A7A000000000000000000000000000000000000000000000000000000000000000000099
:20A7C000000000000000000000000000000000000000000000000000000000000000000079
:20A7E000000000000000000000000000000000000000000000000000000000000000000059
:20A80000000000000000000000000000000000000000000000000000000000000000000038
:20A82000000000000000000000000000000000000000000000000000000000000000000018
:20A840000000000000000000000000000000000000000000000000000000000000000000F8
:20A860000000000000000000000000000000000000000000000000000000000000000000D8
:20A880000000000000000000000000000000000000000000000000000000000000000000B8
:20A8A000000000000000000000000000000000000000000000000000000000000000000098
:20A8C0000A120000000000000000000000000000000000000000000000000000000000005C
:20A8E000000000000000000000000000000000000000000000000000000000000000000058
:20A90000000000000000000000000000000000000000000000000000000000000000000037
:20A92000000000000000000000000000000000000000000000000000000000000000000017
:20A940000000000000000000000000000000000000000000000000000000000000000000F7
:20A960000000000000000000000000000000000000000000000000000000000000000000D7
:20A980000000000000000000000000000000000000000000000000000000000000000000B7
:20A9A000000000000000000000000000000000000000000000000000000000000000000097
:20A9C000000000000000000000000000000000000000000000000000000000000000000077
:20A9E000000000000000000000000000000000000000000000000000000000000000000057
:20AA0000000000000000000000000000000000000000000000000000000000000000000036
:20AA2000000000000000000000000000000000000000000000000000000000000000000016
:20AA40000000000000000000000000000000000000000000000000000000000000000000F6
:20AA60000000000000000000000000000000000000000000000000000000000000000000D6
:20AA80000000000000000000000000000000000000000000000000000000000000000000B6
:20AAA0000A120000000000000000000000000000000000000000000000000000000000007A
:20AAC000000000000000000000000000000000000000000000000000000000000000000076
:20AAE000000000000000000000000000000000000000000000000000000000000000000056
:20AB0000000000000000000000000000000000000000000000000000000000000000000035
:20AB2000000000000000000000000000000000000000000000000000000000000000000015
:20AB40000000000000000000000000000000000000000000000000000000000000000000F5
:20AB60000000000000000000000000000000000000000000000000000000000000000000D5
:20AB80000000000000000000000000000000000000000000000000000000000000000000B5
:20ABA000000000000000000000000000000000000000000000000000000000000000000095
:20ABC000000000000000000000000000000000000000000000000000000000000000000075
:20ABE000000000000000000000000000000000000000000000000000000000000000000055
:20AC0000000000000000000000000000000000000000000000000000000000000000000034
:20AC2000000000000000000000000000000000000000000000000000000000000000000014
:20AC40000000000000000000000000000000000000000000000000000000000000000000F4
:20AC60000000000000000000000000000000000000000000000000000000000000000000D4
:20AC80000A1200000000000000000000000000000000000000000000000000000000000098
:20ACA000000000000000000000000000000000000000000000000000000000000000000094
:20ACC000000000000000000000000000000000000000000000000000000000000000000074
:20ACE000000000000000000000000000000000000000000000000000000000000000000054
:20AD0000000000000000000000000000000000000000000000000000000000000000000033
:20AD2000000000000000000000000000000000000000000000000000000000000000000013
:20AD40000000000000000000000000000000000000000000000000000000000000000000F3
:20AD60000000000000000000000000000000000000000000000000000000000000000000D3
:20AD80000000000000000000000000000000000000000000000000000000000000000000B3
:20ADA000000000000000000000000000000000000000000000000000000000000000000093
:20ADC000000000000000000000000000000000000000000000000000000000000000000073
:20ADE000000000000000000000000000000000000000000000000000000000000000000053
:20AE0000000000000000000000000000000000000000000000000000000000000000000032
:20AE2000000000000000000000000000000000000000000000000000000000000000000012
:20AE40000000000000000000000000000000000000000000000000000000000000000000F2
:20AE60000A12000000000000000000000000000000000000000000000000000000000000B6
:20AE80000000000000000000000000000000000000000000000000000000000000000000B2
:20AEA000000000000000000000000000000000000000000000000000000000000000000092
:20AEC000000000000000000000000000000000000000000000000000000000000000000072
:20AEE000000000000000000000000000000000000000000000000000000000000000000052
:20AF0000000000000000000000000000000000000000000000000000000000000000000031
:20AF2000000000000000000000000000000000000000000000000000000000000000000011
:20AF40000000000000000000000000000000000000000000000000000000000000000000F1
:20AF60000000000000000000000000000000000000000000000000000000000000000000D1
:20AF80000000000000000000000000000000000000000000000000000000000000000000B1
:20AFA000000000000000000000000000000000000000000000000000000000000000000091
:20AFC000000000000000000000000000000000000000000000000000000000000000000071
:20AFE000000000000000000000000000000000000000000000000000000000000000000051
:20B00000000000000000000000000000000000000000000000000000000000000000000030
:20B02000000000000000000000000000000000000000000000000000000000000000000010
:20B040000A12000000000000000000000000000000000000000000000000000000000000D4
:20B060000000000000000000000000000000000000000000000000000000000000000000D0
:20B080000000000000000000000000000000000000000000000000000000000000000000B0
:20B0A000000000000000000000000000000000000000000000000000000000000000000090
:20B0C000000000000000000000000000000000000000000000000000000000000000000070
:20B0E000000000000000000000000000000000000000000000000000000000000000000050
:20B1000000000000000000000000000000000000000000000000000000000000000000002F
:20B1200000000000000000000000000000000000000000000000000000000000000000000F
:20B140000000000000000000000000000000000000000000000000000000000000000000EF
:20B160000000000000000000000000000000000000000000000000000000000000000000CF
:20B180000000000000000000000000000000000000000000000000000000000000000000AF
:20B1A00000000000000000000000000000000000000000000000000000000000000000008F
:20B1C00000000000000000000000000000000000000000000000000000000000000000006F
:20B1E00000000000000000000000000000000000000000000000000000000000000000004F
:20B2000000000000000000000000000000000000000000000000000000000000000000002E
:20B220000A12000000000000000000000000000000000000000000000000000000000000F2
:20B240000000000000000000000000000000000000000000000000000000000000000000EE
:20B260000000000000000000000000000000000000000000000000000000000000000000CE
:20B280000000000000000000000000000000000000000000000000000000000000000000AE
:20B2A00000000000000000000000000000000000000000000000000000000000000000008E
:20B2C00000000000000000000000000000000000000000000000000000000000000000006E
:20B2E00000000000000000000000000000000000000000000000000000000000000000004E
:20B3000000000000000000000000000000000000000000000000000000000000000000002D
:20B3200000000000000000000000000000000000000000000000000000000000000000000D
:20B340000000000000000000000000000000000000000000000000000000000000000000ED
:20B360000000000000000000000000000000000000000000000000000000000000000000CD
:20B380000000000000000000000000000000000000000000000000000000000000000000AD
:20B3A00000000000000000000000000000000000000000000000000000000000000000008D
:20B3C00000000000000000000000000000000000000000000000000000000000000000006D
:20B3E00000000000000000000000000000000000000000000000000000000000000000004D
:20B400000A1200000000000000000000000000000000000000000000000000000000000010
:20B4200000000000000000000000000000000000000000000000000000000000000000000C
:20B440000000000000000000000000000000000000000000000000000000000000000000EC
:20B460000000000000000000000000000000000000000000000000000000000000000000CC
:20B480000000000000000000000000000000000000000000000000000000000000000000AC
:20B4A00000000000000000000000000000000000000000000000000000000000000000008C
:20B4C00000000000000000000000000000000000000000000000000000000000000000006C
:20B4E00000000000000000000000000000000000000000000000000000000000000000004C
:20B5000000000000000000000000000000000000000000000000000000000000000000002B
:20B5200000000000000000000000000000000000000000000000000000000000000000000B
:20B540000000000000000000000000000000000000000000000000000000000000000000EB
:20B560000000000000000000000000000000000000000000000000000000000000000000CB
:20B580000000000000000000000000000000000000000000000000000000000000000000AB
:20B5A00000000000000000000000000000000000000000000000000000000000000000008B
:20B5C00000000000000000000000000000000000000000000000000000000000000000006B
:20B5E0000A120000000000000000000000000000000000000000000000000000000000002F
:20B6000000000000000000000000000000000000000000000000000000000000000000002A
:20B6200000000000000000000000000000000000000000000000000000000000000000000A
:20B640000000000000000000000000000000000000000000000000000000000000000000EA
:20B660000000000000000000000000000000000000000000000000000000000000000000CA
:20B680000000000000000000000000000000000000000000000000000000000000000000AA
:20B6A00000000000000000000000000000000000000000000000000000000000000000008A
:20B6C00000000000000000000000000000000000000000000000000000000000000000006A
:20B6E00000000000000000000000000000000000000000000000000000000000000000004A
:20B70000000000000000000000000000000000000000000000000000000000000000000029
:20B72000000000000000000000000000000000000000000000000000000000000000000009
:20B740000000000000000000000000000000000000000000000000000000000000000000E9
:20B760000000000000000000000000000000000000000000000000000000000000000000C9
:20B780000000000000000000000000000000000000000000000000000000000000000000A9
:20B7A000000000000000000000000000000000000000000000000000000000000000000089
:20B7C0000A120000000000000000000000000000000000000000000000000000000000004D
:20B7E000000000000000000000000000000000000000000000000000000000000000000049
:20B80000000000000000000000000000000000000000000000000000000000000000000028
:20B82000000000000000000000000000000000000000000000000000000000000000000008
:20B840000000000000000000000000000000000000000000000000000000000000000000E8
:20B860000000000000000000000000000000000000000000000000000000000000000000C8
:20B880000000000000000000000000000000000000000000000000000000000000000000A8
:20B8A000000000000000000000000000000000000000000000000000000000000000000088
:20B8C000000000000000000000000000000000000000000000000000000000000000000068
:20B8E000000000000000000000000000000000000000000000000000000000000000000048
:20B90000000000000000000000000000000000000000000000000000000000000000000027
:20B92000000000000000000000000000000000000000000000000000000000000000000007
:20B940000000000000000000000000000000000000000000000000000000000000000000E7
:20B960000000000000000000000000000000000000000000000000000000000000000000C7
:20B980000000000000000000000000000000000000000000000000000000000000000000A7
:20B9A0000A120000000000000000000000000000000000000000000000000000000000006B
:20B9C000000000000000000000000000000000000000000000000000000000000000000067
:20B9E000000000000000000000000000000000000000000000000000000000000000000047
:20BA0000000000000000000000000000000000000000000000000000000000000000000026
:20BA2000000000000000000000000000000000000000000000000000000000000000000006
:20BA40000000000000000000000000000000000000000000000000000000000000000000E6
:20BA60000000000000000000000000000000000000000000000000000000000000000000C6
:20BA80000000000000000000000000000000000000000000000000000000000000000000A6
:20BAA000000000000000000000000000000000000000000000000000000000000000000086
:20BAC000000000000000000000000000000000000000000000000000000000000000000066
:20BAE000000000000000000000000000000000000000000000000000000000000000000046
:20BB0000000000000000000000000000000000000000000000000000000000000000000025
:20BB2000000000000000000000000000000000000000000000000000000000000000000005
:20BB40000000000000000000000000000000000000000000000000000000000000000000E5
:20BB60000000000000000000000000000000000000000000000000000000000000000000C5
:20BB80000A1200000000000000000000000000000000000000000000000000000000000089
:20BBA000000000000000000000000000000000000000000000000000000000000000000085
:20BBC000000000000000000000000000000000000000000000000000000000000000000065
:20BBE000000000000000000000000000000000000000000000000000000000000000000045
:20BC0000000000000000000000000000000000000000000000000000000000000000000024
:20BC2000000000000000000000000000000000000000000000000000000000000000000004
:20BC40000000000000000000000000000000000000000000000000000000000000000000E4
:20BC60000000000000000000000000000000000000000000000000000000000000000000C4
:20BC80000000000000000000000000000000000000000000000000000000000000000000A4
:20BCA000000000000000000000000000000000000000000000000000000000000000000084
:20BCC000000000000000000000000000000000000000000000000000000000000000000064
:20BCE000000000000000000000000000000000000000000000000000000000000000000044
:20BD0000000000000000000000000000000000000000000000000000000000000000000023
:20BD2000000000000000000000000000000000000000000000000000000000000000000003
:20BD40000000000000000000000000000000000000000000000000000000000000000000E3
:20BD60000A12000000000000000000000000000000000000000000000000000000000000A7
:20BD80000000000000000000000000000000000000000000000000000000000000000000A3
:20BDA000000000000000000000000000000000000000000000000000000000000000000083
:20BDC000000000000000000000000000000000000000000000000000000000000000000063
:20BDE000000000000000000000000000000000000000000000000000000000000000000043
:20BE0000000000000000000000000000000000000000000000000000000000000000000022
:20BE2000000000000000000000000000000000000000000000000000000000000000000002
:20BE40000000000000000000000000000000000000000000000000000000000000000000E2
:20BE60000000000000000000000000000000000000000000000000000000000000000000C2
:20BE80000000000000000000000000000000000000000000000000000000000000000000A2
:20BEA000000000000000000000000000000000000000000000000000000000000000000082
:20BEC000000000000000000000000000000000000000000000000000000000000000000062
:20BEE000000000000000000000000000000000000000000000000000000000000000000042
:20BF0000000000000000000000000000000000000000000000000000000000000000000021
:20BF2000000000000000000000000000000000000000000000000000000000000000000001
:20BF40000A12000000000000000000000000000000000000000000000000000000000000C5
:20BF60000000000000000000000000000000000000000000000000000000000000000000C1
:20BF80000000000000000000000000000000000000000000000000000000000000000000A1
:20BFA000000000000000000000000000000000000000000000000000000000000000000081
:20BFC000000000000000000000000000000000000000000000000000000000000000000061
:20BFE000000000000000000000000000000000000000000000000000000000000000000041
:20C00000305000013140000400123050E225001230507C01354134413741364139413841B5
:20C020003B413A41A152000030417CF37EF30912094C0C9E0328094E0E4C12C30F430C4359
:20C040000D43091002280C5E0D6F0E5E0F6F0910F92302280C5E0D6F3941A152000030415A
:20C060000A120B120A4C0B4D0C430D430A9302200B930B2412C30B100A1002280C5E0D6F94
:20C080000E5E0F6FF3230E93F1233B413A41A152000030417CF37EF30F4E0D4C0E431C434A
:20C0A0000D5D0E6E0E9F01280E8F0C6CF92BA152000030418C118E11091209430E930334AC
:20C0C0003EE31E5319D30C9303343CE31C5339E300123050C2FF19B302243CE31C5329B3B3
:20C0E00002243EE31E533941A1520000304109120A120B120A430B43394020000C5C0D6D40
:20C100000A6A0B6B0A8E0B7F04281CD33953F623043C0A5E0B6F3953F1230E4A0F4B3B4163
:20C120003A413941A152000030414E9303240C5C5E83FD23A152000030410C5C0C5C0C5C99
:20C140000C5C0C5C0C5C0C5CA152000030417CF34E93042412C30C105E83FC23A15200007F
:20C16000304112C30C1012C30C100C110C11A152000030410D1281500000B1807AC1000072
:20C1800030410F1281500000B18088C10000304130506CFE0A120A12081208001A001800DB
:20C1A00008000A0240024003000010001E001E004C004C004C004C005E005E000E010E0190
:20C1C0000001000148012000300000000010301000120010300000000C4300020010201091
:20C1E0002801000200101010121C0C00000200100010001000102000080000000000000040
:20C20000820010000000000200102000040100000200000204030203020302000200020337
:20C220000200021002030002001030102008000000103000320000000000040008000800E5
:20C240000002001030001000300000000010100000000000000020000E000C430C402C0047
:20C26000000200101000902000020000122010000000040002202000000000000200000060
:20C2800000000030200000000200022010000000000001000002000001000C431C40240047
:20C2A0000002001010000800000200100010001200101010001200000020020202000000B8
:20C2C000000000004203020312030203C20243024F530243020208021C430002001020105B
:20C2E0002800000000000010101010002400640000000000001000002621E23120000000C4
:20C300000200A00020030003020204000400000000101000120000800000040080110003FF
:20C32000000182010202040000108000000004000000A200200064000100000000020010A4
:20C340001000B2002000200120000080000002000010001000100C130401040100020010CD
:20C3600010100812040000000010001004190C00180018002400440000120010301000112B
:20C380000001000000103000080004000200020306000200120304000400000200103010D2
:20C3A0000C02000200101010100208024802000200100000082008010002001030100C1224
:20C3C000000300020010101008120C0110010202020005000C402000000200102000340013
:20C3E000240004020002001020100812041004080C40240000020010200002019002000060
:20C40000021080024C02520252025202520072007200000080000202020002200020000040
:20C420005A800000010000004242C202C202C202100010000002001010102011C2024302C5
:20C440004F53024302020A021C42010200002C0000020010201008021C4200020000240088
:20C4600000020010101090020000210000000200220002000200260002000000290000005E
:20C4800002002A00020002002E00220040000000100072001A0012003200120012001000C8
:20C4A0001D00100080000800120012001F00120000000000400300000040000000020010DD
:20C4C0001010140004000000001020102C00080008000400000000102010441C00100010E4
:20C4E000001000110000E02020002000A00032033200400000001D001C4004000000001007
:20C500000010001C00100010300000020010301010001002100314000400000010200000D0
:20C520000000040004000C43000200100010021C0010001000108013020300008000120307
:20C540000203000204000400000000000230020052024202020002000100010002430202B1
:20C560000A020C000020020200000000800000001000004000000002001010101C00080059
:20C580000000001030105400410240000400000000102010881C90300000000004000000C8
:20C5A000001030100C100C0082200000000000000220000204000400000000000230020001
:20C5C000520242020200020001000100024302020202020302000210920292020202020029
:20C5E000020082028202020202000200000000005A40200000000010301008110000020004
:20C60000100010000202020002205A00120000000000000002004000000000020000002002
:20C620001000000004000020200000000000020020008000000000000200260002000200D8
:20C640002200020000002100000002002E00020002002A000200000029002000C000090023
:20C66000120080000000120040000000100012001F00120072001600120010001D001C00A0
:20C680000C430C402C0000020010301012000C430C40240000020010201024080000001032
:20C6A000001004080C48000200100010021202020A020802000200101010441E15020C43C0
:20C6C00000020010301058004002000010500A100A12081208120012061204120002200042
:20C6E000000004000C40050004000C400000001010500A480B401B13001004003C4030504A
:20C700002000A200400000001800480248020C000C10000000000010101030003800180291
:20C7200002000000300018001202120024002C001000520040000100120000010001400141
:20C740004001520142016801780000000000420002012200020004004000580158011A01A7
:20C760002A010000000002000000C02404090C411C400C000D0000000010005004480440E9
:20C780002C002800100206410E400C420C400C000D0000000010205000580640260028007F
:20C7A000100216403000300010021640700078001002005208400C400002000000F000D0A7
:20C7C000380078000C000E000000001030500258061C82110002000062006800100206010B
:20C7E00042010A0302000200000000004203400300000200000000004A420290100000002D
:20C8000000000200000000004A4202902000000000000200000000004A42084200024002BC
:20C820001B020B0102080200020002001000000008901400020000000000000020002000C1
:20C8400030003000400040005902420202030C431C403800000200101000000806400250AF
:20C860004A400E420C430C410C4000120010300002080644400210021642120212030A0071
:20C880000A0008000800094208400000001010100418041C64002400280010021640240043
:20C8A0002800100204114400400200020010101090130002000002000400000302020202BB
:20C8C0000002040004000000000002300200520242020200020001000100024302020A0227
:20C8E00003000200C20202000200C2028202000200006000600010021201320030003000AA
:20C90000400040005902410201000D004E40520203020FDC0E400C421C40380000020010D7
:20C920000000000806400643400210021640140044020C430C410C40001200102000060C20
:20C9400006401A004A020C430C410C40001200101000020C0640260046020C430C410C4067
:20C96000001200103000060C0640200040020C4309420840000000102000020C001C180057
:20C980000C024C020C41000000101010000806400E024C020C410C40001200100010061829
:20C9A0000640100240020C410C4000120010301004180640120240020C410C40001200106F
:20C9C000201002180640140244020C410C4000120010101000180640160244020942084041
:20C9E0000000001000100618021C00000C410C410012001000104A01000001000C41000076
:20CA000000102010000806404C410C410C4000120010101000180640040205030C410C401B
:20CA20000012001000100618044018021800240000000010205040425C021C03001200106B
:20CA400020500A440C440C410C40001200101010041802400A000A08460245030C410C404A
:20CA6000001200100010061802501A425C020803021B52021C020D030C410C4000120010F5
:20CA800020100218064000024002094208400000001010100018021C220020000000020283
:20CAA00002024753475017000E004E434F431802180258025753575017000700470257203C
:20CAC000001000103010081304000000620060001002040040002200200010020000080063
:20CAE000140214030C000C000A000A040F400A0008000C1D020C020C0201100034507440E8
:20CB0000200000000010201080130002000070007000100204000000020202008000800024
:20CB2000000200102010101000000000000200020000720070001002120002100202020071
:20CB400080008000000200100010200062006000100204000000320038001002000008082F
:20CB60000C490C40080000020010000006000640400208020A4309430C422C4000000010FF
:20CB800000500E41064304420C4000000300000000102050E0E0400000001C00004000122A
:20CBA000001010102012020204000C5000532050205002100A120812081200120002010005
:20CBC000084C084C42400040094008424E003C0010001200020003000E000600000028006B
:20CBE0000600060076000C0008006800200000000200060004001D00100210020C000800B6
:20CC00000000000020000100000038000200000000000100200030103800010002004000DD
:20CC200000000000520078000000020040000000000064902C0000000100000046920220CD
:20CC4000010800000000030C014F0000000046324E520E410F000F020D4000000010000088
:20CC6000000101400000160210020000030000000000020000000000022013002B000200E1
:20CC80000000042006330F5302538002D000290000000000542006330F5302038002C000AF
:20CCA000A21030001002C000810080020000000000000000E00020012000E0005800000064
:20CCC00000004848000000000C000C10000000000010201078003800010002004000010068
:20CCE00011009002000000000F000F020E420C400D400C4100000010200020000140094061
:20CD00000041800000000A001E4004400D400C41000000102000000C094009400F480F4098
:20CD200021000000000008510841000000000110060C00000000440004000A001A42040259
:20CD4000000300000000002004000002000300000000000000000F000F020E4308430840A3
:20CD60000C4800000010300020000140094019102A0002000000800020000000000001007F
:20CD800011000000000012200200000100001000000200103000600C02000A004000400003
:20CDA0000603164205020103000000001233002008000C412C402400000200100010401447
:20CDC0000E000C412C4024000002001030101014560C00000000440004000A001A420C02D4
:20CDE000000300000000002004000102010300000000000000000F000F020E430843084001
:20CE00000C4800000010100000030140094019102A0002000000300020000000000001006B
:20CE200011000000000012200200000100001000000200101000000C02000A0040004000E2
:20CE4000060316420D020103000000001233002008000C412C402C000002001020100014B6
:20CE60000E000C412C402C00000200101010001405103000000000000000000001000841EA
:20CE800000412050105012C0024202430002000040000000000040034003F0100900000055
:20CEA000F01004000200D00055005200D000540042000000200080000000020002000200E9
:20CEC000020002000000000002000200000020002000200020002000200002000200020084
:20CEE000020002000000000002000200000000000000100080000000020000000000020096
:20CF000002000000100072001200020000000000020012001000100010001C000A400C4083
:20CF20002C420C420400001000101050504012000000000002002200284028400500040012
:20CF40000C42040000100010305022422000200020000000020000000010000000000010F9
:20CF600030100010001000000002001020008002000200020202020000000000040200028B
:20CF80000010300032008000000002020002000220520000000000000A020203920132004F
:20CFA0001800140014001802180304000400080028004C004D240D000C4008000800060098
:20CFC0000000001010501840100000030002001010501A40240004000002001010500240CE
:20CFE000000008000000000C0C700012001000500840040204003FF00FDC024C0002000073
:20D0000008000C403000300007000000001010500E400800080100020010105010402400A0
:20D02000040000020010005080400200020020002000200020000C000C290F730F530F5FB3
:20D040000E42040204020EC2024E0002000001000C403400040000020010005000501850B3
:20D0600018603C603E402200030100020010305000408000C00210023803320080000000E5
:20D08000000002200002000002000002000212428202C4028002A0000000084020400000FE
:20D0A000000000000A1208120812001020000000040000000010301000044C00000000004C
:20D0C0007C000200020020000000060246024202020020000000060002004003400002006D
:20D0E000040005002000000000000402590249034F030A030A03424340034103430350024A
:20D1000058024C000C0818005A430A03020000000000000004007E00000001000E420E02AE
:20D120000E02040004040E0C0E0C4F420F1000100010301030002000000004003C40323C51
:20D1400002000000041C0F0E010C0100494208480C494D034C03000200103000C00C49005C
:20D160004D0003000300430303000A080C4945034403000200101000C00C4300430349035A
:20D18000480302200200420304000C0846000202820242021C020002000200034203000245
:20D1A0000010300004020040304000020A1208120812001202000A4C084E08031420040024
:20D1C000000000002840004000B0082008000841000000100040084C0800040302030000C6
:20D1E00000000843084308100C10360005000D4B0D4E00000000000200102040088C080069
:20D200007A1348000900094100424642465604400C40000200103040348008000A00440C58
:20D2200064003000200002130E000900080C081008410C400A00000000101040084C090086
:20D2400000030203000000000843004304000414064606460656065602531A13181300130C
:20D26000020008000C400002001020400A4C4E40300000000F490F480000000008420002D7
:20D2800000102040088C08040C400A00000000100040044C040C04090040304008000A1297
:20D2A000081208120012061202120203220322030200000000000000020322000200000082
:20D2C0000000000002000100010000000002000000000000000024002400140000020010DA
:20D2E0002000040C0010000200000000000000002400240018000002001000000C001C4012
:20D300001C400400000200101010080008403C402840180000020010001008000940144068
:20D3200038403000000200103010080008401C4000402800000200102010080009400C4000
:20D34000100000020010101042000440084008403400000200100010420005400C4020002C
:20D360000002001030104C004C484C4A4CD84CD84CD04CD64CD60050104080A00002040077
:20D3800004000000000002300200520282020202000000200002040004000000000002301D
:20D3A00002005202420202000200010001000243020200020010101000000C4000020010F4
:20D3C00030000002001030000C00040006000E000000001030100010080018000002001025
:20D3E00030001200400000000000200320030002040002200000000001000C02000000002E
:20D40000240074000000000000102000000C103002020400002000020000010024000000A9
:20D420000000200060001000000000100000A20000000000040004000C4020000000001026
:20D4400030008002000000001000008304020C0012C2030082430C0200120000102C024338
:20D46000040202030C0230020012000000000040060322001000020204008000000000004C
:20D4800002080000100012B000000203022000001210010000000010000004020C00000242
:20D4A0000010000000000004000040035C0208006C0100003010000000044C0202005E0050
:20D4C000050006000293000002000000001000044200060001000020B290000000020C00DD
:20D4E00005037C000000001030400800020018030000160382420002020204022003204097
:20D50000040200123050C00110900002040221520000000020011100020200020C0002420F
:20D52000000392120002000020404840120304020003000230508203000000022040580279
:20D540001200100000020000301020000200030000100000020302003803123001000C00A1
:20D5600000003000920000000402010800000000400E000028005C4241034C010000201005
:20D5800008004200010004004E0203005E000400002002030A0002000010004040000200C4
:20D5A0000200000000000000060001030C000000000000000000001018010000180382424B
:20D5C0000003024304022002040024030002000000003050000004020113004200000000D2
:20D5E00000000A1208120812001206120412041200000A4C084C084E064112000000080024
:20D600002C00000001000C00044400000000002003080000000009400D480C480C49001007
:20D62000001000500058081008200A080F490F4021000000000009510B4100000000084129
:20D6400000401040064104430C4201000000081C0C4C0C4C0C5C0C5C0C54045007420F426B
:20D660000F474D4F044D04401050404F454050001000002007205F005F003F003F000600C6
:20D680000400050000000000002300230002001020402480000002000004040404301DF0D6
:20D6A0001D500950085D081D09030E434C40300030000C000000001010000001000300039E
:20D6C000400300000000000000000000000200028202C20032001000580046004200420257
:20D6E00052005000500052003200000040005200130032006000240012031000040006002A
:20D70000144028422C401000000006001E40444005000400280080000000000140010003F1
:20D72000020302034203040308000800280000005100280008004D002800000005031D42FE
:20D740005C020C03001BC00A410241024D024D024502000200100000820210021803000247
:20D760000000000000000A12081208120012000000000200084C084C084E0C4100000010EA
:20D78000200004010400040020000000001010401C40000002000E400C430C430002001080
:20D7A00000500848080008000D000F480F403A000000000008412C40240000000010104093
:20D7C0000048084C0E400C430C430C49001000101050085809480F490F402E000000000066
:20D7E000004104400C402400000000100040068806040E420C430C430C4900100010205079
:20D8000008580810000000000B48000000000841004000000000004000A0000000000000D4
:20D820000200000200002230200020000100020020002000200000000000040000201000BB
:20D840000000000000200010000000000400080008005EE3002000001E030420000000805E
:20D8600000000400021000800000000002301000000000000000200020000100021020005D
:20D88000200020001000000004004E5E4E5262101000000000004F534E534E93060002003A
:20D8A000100000002000000000002001020002001000000020000000000000000A120A00BD
:20D8C00000000000001030400A4408402050009300100000040002002000200000020010C7
:20D8E000104040444A4008430C403050109300100000040002001000000000020010304068
:20D90000024408480C021C8200100000040001002A420002001020400A440A100110010058
:20D920004A430213020202000200020002002A00820042020202000230013A412040000037
:20D940000000200101030C41000000103000B2000000000200001000004008421C020002A7
:20D960000010000004010420000010000000000002101000000000000000000002000C002E
:20D9800008400C4240020002001010001C0000200200000200000210000200000000000138
:20D9A00002000D000C402440000000103000180004200000200000000000021020000000DA
:20D9C0000002215200000000304010000002001010000C02520242020410041000008000E2
:20D9E0000202060202200200900264024242C202C202C202920292023400100000020010B1
:20DA00000000400342030200B0008802C002C20243024F530243020202020203120012005F
:20DA2000020002009000140110008000C8008200A00080028002000000000040000000106F
:20DA4000300000010400000002030202000204000400000200100000040005000000001053
:20DA60002000000204001200120300000000020202000000000000000002001010000E0023
:20DA800005000000001030000C020400040000420000000000410042000000001001002035
:20DAA000A0B0000000022100022000020000921000000002202002000003020000021803C7
:20DAC000002020031800F200000018001280000004020024628000000900A2401800B2008E
:20DAE00000000000101000000238B240080092010000010030000042000000003040000359
:20DB000000000000000000022400000000120000200000000402200012020002105000020F
:20DB20001C93012020401800304080000000305000000002080002008000080082830C0088
:20DB400000000000000292020C02000080000002101000020000025220000000304020C2B7
:20DB60000001821308020000C2023800C00200023000E000050020020000D2020002101018
:20DB80003002180303201C4018021C000400000200004601000008000200101000000210FA
:20DBA0000000003032000210B200080030008000000030000801A040000020010A120A0225
:20DBC0000A40010C00102E120000000008000000000200102000B20000100000000290020E
:20DBE0001000171C010000000C030C424F02040000000200000000000C100A0008000000FF
:20DC0000000002000000001200103050004C0A400842084020400000000000000A120A00B2
:20DC20000A4C08020000000020000130012000003840183C0C0C0F4C0F100100400038003B
:20DC4000001000000C410C431C4204000010001030400C8108000A000242020009000C40EC
:20DC600008000B00040000100010104010413A412040000000000001040004002042000086
:20DC8000000000400E40200000000300000000002E537A03F800800000000000000000005D
:20DCA000040000002800A80028000C000C002C001C000F002C00000000003000020000009B
:20DCC00004002C402C000C0000420000000000000A000C0002000C410010304000100D0355
:20DCE00000000E420010000200409200000211000C401002000000001E0000100010000041
:20DD0000004000120000064820000000000008000100040000020010204030002040000034
:20DD200000003040204020003200A00060002000A000600062000000000022000000040019
:20DD4000260026402240640044000C402400000200102000260016401240040005001D0097
:20DD60001C002C0000020010100090001000000020000000000000000A000A4C0C0300000A
:20DD80003040003C0C0000000C4300000E42800000020040C0020C001000000210402C40CE
:20DDA0000000104080000002001010400C900220020200000000000008000D4200100010F8
:20DDC00000003A412040000000000041400010000000020002001000000000000010305033
:20DDE00020B2220003000220200000001200020000000000020002020202000204020800BC
:20DE0000001040030100000002020202000204024043220021000000000000000010300098
:20DE2000F2000200010000030203220220023000800004010200800000000000B200C200F4
:20DE40008200B200C000040016401840010000000C42040000100010204022C2A000B00015
:20DE6000B000A0000000000000410C0D080809003400540104000000001010000C030042E1
:20DE80000000000010010000040004000E0002000000080809002000400E040000000010BE
:20DEA0002000040300420000000000410042000000000000001000000C020000010008024D
:20DEC00000001030020302000000001030000801000001000800000005001800000000008C
:20DEE000180058020002001010003000020001000003020320020000000000010010001010
:20DF00000000B200220020006000D2004100600050004400260003000300440324030010FC
:20DF20000300C00040002403001003100C00040004031F100900000070024C4200401000F5
:20DF400008000A12081208000A4C084108430C434C425C020400070C47010403081F000CBD
:20DF6000000C48434D12450A46030200000000102040008102000200000000000200020414
:20DF800000000000104012C00242100304020C02000002100000200003207240800001006C
:20DFA0000D9200000000000000000200C24000000D0000030400021000000C00021000007A
:20DFC00000001000004200000000104030020203124200020C11040062000000200000006F
:20DFE00052400000210001000400C240000000000100C280000004009290000000000210EC
:20E00000000000000C00000020520000000000000A120812000200014A4C084E084C0C40BD
:20E020001C431C420400001000101040404000000000010000000C400C4004000700040087
:20E040000010001030402041205010509090000000020000010000000000000102000200D7
:20E06000680000000200380038000A000A00040C040C00400000000000404E0C4E800A00E0
:20E080000200A1120000000020400D4C020002000110104010401D1030107007880F0000E2
:20E0A0000000000000000400040004102050000002001C10A00000000000880F040000006B
:20E0C00000000000000000102000080300001020020300000000001020000C030400040089
:20E0E000004200000000004100420000000010410042000000000041004200000000000144
:20E100000A02084C0C1100000400000C20400000004100021050049B04100800A010000004
:20E120003000000004000400004200003040300020400000000000000A000A4C0000010004
:20E140004F0C010C00004E13000C00004C42000000000C4A0600000000102040044000024A
:20E16000001000000401084120400000000030012003000000000C000C00090008000C4018
:20E180000A00000000103050024C00000003004200000000000100032003B0032003000352
:20E1A0000042000000000000080C0C0200000C01001C040040000142000030401CE20C13BE
:20E1C000080000104C52200000000041041004080002205000003041204200000000104073
:20E1E000580258007600C20002021F025B021B003B50824F800240025A025A007600C2008A
:20E2000000033000020008003C003650824F8202800200000000304020002000B000A0F038
:20E22000A001B000B00080018201B20002000A004200420042004000400040000000800114
:20E24000A00000000000204100020002024202430002000200000000001020008202000276
:20E26000000002100002000200020000001020520000000030401900000002010000020076
:20E280000304000012010200020002000000101002001C420200001200101E420042000018
:20E2A00000003000000000000400020020030000020000030000040000420000000030404A
:20E2C00000000000000220030003004200000000104000001900000002001200020003044E
:20E2E000000002000A0C020D12030010104000000C02000000020040805000000000000062
:20E300000A00084C0000000008000804000000000C480600000000102050044A0002001051
:20E320000000080020400000000000000A0001004A4C0F0E02000D40000000104C8E00007E
:20E34000040402000242000000100B410841000000000000304100020202010042410602C7
:20E3600002430503000220004242480300000A00C24200001C40200038402050000010409D
:20E380004203040202030402004206034243450000006800000220004040020200030A03F4
:20E3A0000C402000000030405000000046000C0202000E4C000008004E03050C0100000016
:20E3C00000020010003C02420803000000420000000000003010000000030B2400000000EC
:20E3E0000000C20020000000400040432102000030010042000000003000000000000200B0
:20E4000000920000080C82002000000040004040200200002001104320020000000010012B
:20E4200000000100B050000000000D1000000C4120400000000030501ADC00402002000039
:20E44000000000400003000000000402000008000C0104000800001200003040004000018F
:20E4600000420000000000010C000000A200200004030C43440304031C1008000800780231
:20E48000304000503050300030008000000200004200000010000000001220500000000086
:20E4A00010400000000000002001B00000000400080070000000000000101050805000007F
:20E4C000204100420000000000400003C00300000800104310020002001000000010205094
:20E4E0006400215200000000004140022200080000000000000000020002040240422200EA
:20E50000210000000000304010001000100010004000000010008000000001000000000059
:20E520000000001020008200020322001C400C420C430C42040000100050044C04000600FD
:20E5400002000208000C00000C42000002001040205008100001000000000000000000007A
:20E56000001000000000301000490400040004000000020000000000000000400050085903
:20E58000040004008C4102000000000000000000304044480C4000008842020080420000CE
:20E5A00020400000004002400842740000000000000000400C430C4004001C40040010402C
:20E5C000801030400000100000001400A04200002040000000404C400C0012400400300077
:20E5E000A0520000000000400C54004C10400001001200001040004000023040280200406E
:20E6000030500840000230502CE83050180030500000004000643C00000330000070000001
:20E62000240000000060000200003001004000003F0000000000000000025A000000000048
:20E6400040000000000200000000CC0000000000000100030002000000031200000000028F
:20E66000000200000000000200020001000000020000000300030003000000020000000086
:20E680000000000200020000000200000000000200010000000200000002006401000066A2
:20E6A00001030062C200000000000001040000001002010128000000020200004400840025
:20E6C000000040002401040404001002000030004003000000006411841404178420242034
:20E6E00044230429842A24000400040304002402440084010403A408200A00004400E400B1
:20E70000040004008402240084004408C408640A0400200200006400840084030400A404FC
:20E7200004080408440B6400040404100413441604000404040844022004040104004404AE
:20E7400044120410041044114412040204044000644B204E4E114E124E144E134E104E10E7
:20E760004E114E124E134E144800FFFFFFFFFFFFFFFFFFFFFFFFFFFFFFFFFFFFFFFFFFFFE5
:20E78000FFFFFFFFFFFFFFFFFFFFFFFFFFFFFFFFFFFFFFFFFFFFFFFFFFFFFFFFFFFFFFFF99
:20E7A000FFFFFFFFFFFFFFFFFFFFFFFFFFFFFFFFFFFFFFFFFFFFFFFFFFFFFFFFFFFFFFFF79
:20E7C000FFFFFFFFFFFFFFFFFFFFFFFFFFFFFFFFFFFFFFFFFFFFFFFFFFFFFFFFFFFFFFFF59
:20E7E000FFFFFFFFFFFFFFFFFFFFFFFFFFFFFFFFFFFFFFFFFFFFFFFFFFFFFFFFFFFF013006
:20E8000030507017314000040012305026050012305046003541344137413641394138411A
:20E820003B413A41A152000030417CF34E93042412C30C105E83FC23A152000030410A1294
:20E8400081500000B18044E8000030410F1281500000B18052E8000030413050A2FF0A120E
:20E860000B1208120912061207120A4309433B400E02284B12C308100643E2D22100F2D2AF
:20E880002100F2D040001D00AC3CD2D32900F2B0100020000428F2C020002900033CF2D088
:20E8A00020002900A2B206021C283C40AC0200123050FA16074C3C40AC02001230501A0773
:20E8C0004D4CA2C206024C930C24F2C040001D003D530C47001230502607094CF2D040001C
:20E8E0001D00F2B020002000242CB2B0400006021E2806930620E2D31D00F2D080001900ED
:20E900001643F2B040001D00032C3F40AF00023C3F401900274B12C3071007880F971C2C91
:20E92000F2E040001D00284B12C30810153C19431A3CB2B0400006020F28C2931D002F4B78
:20E9400012C30F100F883F901A000628F2E040001D00284B12C30810099305201A933F20B9
:20E96000E2B320004228F2C040001D00D2C32900D24226002600D24222002200D2422100BE
:20E980002100D2422E002E00D2422A002A00D24229002900F2F0C9001B00F2F081001A00D5
:20E9A000F2C040001900D2421F001F00F2F077001E00D2421D001D00F2C080002100F2C030
:20E9C00010001D00F2C080001900E2C31D00E2C22100B2400B5A2001F2C0400019000A9318
:20E9E0000420E2B32000012C1A43E2B228004D2FD2C329004C3F0C43A15200003041D1CEE1
:20EA00000A1221834A4C0F4D0C4E8A113A901100DD2C0A5A0A501A4A0800305020FE40EA79
:20EA200048EA58EABAEAC8EAD6EAE4EAF0EA06EB14EB34EB5AEB78EB86EB96EBA6EBBCEBC3
:20EA4000B14000300000C53C0D4C0C4F00123050AE07814C0000BD3CB140F9FF00003F9219
:20EA6000B82C0C93B6244F8323245F831E245F8319245F8314245F830F245F830A245F83BC
:20EA800005245F831720824C4602143C824C4402113C824C42020E3C824C40020B3C824CEC
:20EAA0003E02083C824C3C02053C824C3A02023C824C3802814300008C3C0D4F00123050BB
:20EAC000040F814C0000853C0D4F00123050FE13814C00007E3C0D4F00123050F00C814C58
:20EAE0000000773C001230509610814C0000713C5E4C01006D4C5C42A902001230508409E5
:20EB0000814C0000663C0D4F00123050EA13814C00005F3C8293160209240D4F1C42160207
:20EB200000123050560C81430000533CB140FAFF00004F3C82931602F9270C930A240E4FA2
:20EB40000D4C1C42160200123050040D81430000403CB140F9FF00003C3C82931602E62768
:20EB60000C93F7270E4F0D4C1C42160200123050CC13814300002D3C0C4F00123050580ABF
:20EB800081430000263C1E430D4F001230507008814C00001E3C2E420D4F0012305060089B
:20EBA000814C0000163C3F90050001282F420E4F0D4C0C4100123050B0090B3C0E430D4F86
:20EBC00000123050060B814C0000033CB140F8FF00002C4121533A41A152000030413F435C
:20EBE000CC9301000824FC5301005F4C01000C5FCC4D03000F430C4FA15200003041D1CE56
:20EC00000F433E400E022D4E12C30D10083C2C4E12C30C100C8D3C900B0001281F43D2B378
:20EC20002900852C0C4F0C8307241C830C241C8331241C834724783CE2B32000E82B2D4E21
:20EC400012C30D10EC3FF2B22800172892B30602032CE2B32000112892D30602F2C21900E8
:20EC6000D2C32900F2D080002100F2D010001D002F432D4E12C30D10D23FF2C21900D2C332
:20EC80002900F2C080002100F2C010001D00E2C22100C53FF2E040001D00D2B31800CF2B8A
:20ECA0002C4E12C30C100C8D3C900300B82BF2C080001900E2C31D003F4003002D4E12C3BF
:20ECC0000D10AD3FF2C040001D002C4E12C30C100C8D3C906500A32BD24221002100D242AF
:20ECE00022002200D24226002600D24229002900D2422A002A00D2422E002E00F2D0400030
:20ED00001900F2D07E001A00F2D036001B00D2421D001D00F2D088001E00D2421F001F0065
:20ED2000D2D329002F427B3FD2D32900783FA1520000304100123050C603C2432100F2403E
:20ED40008C002200C2432700C2432600C2432400C2432300C2432500F24020002900F24086
:20ED600021002A00C2432F00C2432E00C2432C00C2432B00C2432D00C2431900F24080007E
:20ED80001A00C2431000C2431B00C2431D00F24072001E00C2431100C2431F00F2D0400004
:20EDA0001D00001230503A050C9306201F4204100012305096FA033CB2D040000602F2C04E
:20EDC00040001D0000123050AA050012305030FE0012305088FA0C43A15200003041CC43FF
:20EDE0000000CC430100CC4302000F4C2F52CC4303001C530C9FFB23A15200003041D1CEC9
:20EE00000A120B1208120912061231801E000B4C7E4B7E90530002243C43873C784B2E4380
:20EE20000D4B0C4100123050400769415953264106562E420D4B2D530C412C530012305095
:20EE400028072E430D4B0D560C412C5200123050180726413650FDFF0A413A5006000E46C3
:20EE60000E5E3B5006000D4B0C4A00123050FA060F460F11814F00005E4102005E510300BD
:20EE80005E510400495E0B4A365306930438795B36530693FC374993BF237880300005242D
:20EEA0005883122478823924363C1D433C40001000123050C6083D4014003C4000C000124D
:20EEC0003050B8080C43313C1C4102000F4C3F5000F03F90800006280F4C3F5000403F9087
:20EEE0000028192C0F4C3F5080EF3F90400006280F4C3F50C0EF3F904000042C1D430012C5
:20EF0000305078082E410D4A1C410200001230503E090C430A3C3C43083C00123050C20344
:20EF20000C9302243C43013C1C4331501E003050E8F82183E2B303001628E2C303003C4054
:20EF4000B2020012305092004C930320E2C301000A3C0D413C40B202001230500E070C9327
:20EF60000220E2416700F2B203001828F2C20300C293B80208243C40B80200123050A20F93
:20EF8000C24C6F000B3CC293B9020320E2D26900053CF2C010006900E2D36900E2B203003C
:20EFA0001728E2C20300C293B9021224D293B9020220E2D269005D426E003C40B802001271
:20EFC00030501AFCC293B9020320B2D0100006021C432153A152000030415E4C03005D4C41
:20EFE00004004E9D032C5F4C0200013C4F434E8D4E5F4C4EA15200003041FFFFFFFFD1CE56
:20F000000A120B12081209120612094C0A4D0B43664C3C40B20200123050A20F084C1A934A
:20F0200042207680460033247680100037200E430D4300123050C803094C0F480F5CFF402A
:20F040002E00000019530E430D430C480C5900123050AC03095C0F480F59FF402E000000EA
:20F0600019530F480F59FF403000000019530F480F59FF407800000019532E423D4000308B
:20F080000C480C59001230507603095C273CA2D30602FC40660000001943203CFC403F0092
:20F0A000000019431B3CA2B30602F82B0C49001230504CFD0C8303241C8306240B3CF840EF
:20F0C0002B00000019430A3CF8402100000019431B43043CF8402300000019430859C843ED
:20F0E00000001A530D4A0C4300123050E00D19530D490C4300123050CC080C4B30501AF71F
:20F10000B240805A20011F433FB0FF0708208293080202201E43013C0E43824E08021F5307
:20F120003F900080F12BF293FF100324F293FE100720F2408D005700F24092005600063C7D
:20F14000D242FF105700D242FE105600C243580032C02000F2425300B24099A52A01B2407A
:20F1600000300002B2401600020282430402824306028243080282430A0282430E0282437F
:20F18000100282431202824316023F40F6E9824F3802B24032EF3A02B24080FC3C02824F72
:20F1A0003E02824F4002824F4202824F4402824F4602B24090008201B24090008401B240B9
:20F1C00090008601B240F4019201B24088139401B24050C39601B240E602800100123050F3
:20F1E0001E0400123050720D0C43A15200003041A15200003041FFFFFFFFFFFFFFFFD1CE2E
:20F200000F4C0C430F8315241F8323241F8326241F8329241F832C241F832F241F833624D2
:20F220001F8341241F8343241F834A241F8355240B3C0F4D3F5000F03F908000052C824D22
:20F240001602A152000030413C40F9FFA15200003041C24DA902A152000030413C401802A6
:20F26000A152000030415C42AA02A152000030413C401000A152000030413C40AC02001250
:20F28000305056FD4C4CA152000030413C40AC020012305044FD4E4C5C42AE023C530C8E91
:20F2A000A152000030413C40AC023050000D3C40B2020012305022FD4C4CA1520000304156
:20F2C0003C40B2020012305010FD4E4C5C42B4023C530C8EA152000030413C40B202305034
:20F2E000DC0C0A120B121F4204101A4206101E4208100B4E0B8A1F920C1002243C43353CBD
:20F30000A2930210FB233F5000403F900028F62F0F4A3F5000403F900028F02F0F4E3F5073
:20F3200000403F900028EA2F0E9AE82BB29000C00A10E42BB29000E80A10E02F0C430012E3
:20F340003050B6010E4C3D4040003C4000100012305078030E4C0D4B0C4A001230506C03BD
:20F360001F420A102C9FCA230C433B413A41A1520000304132C2034392530C02F2D0400081
:20F380001D00F293FD100924F293FC100624D242FD105700D242FC1056003F40F6E9824FB9
:20F3A0003802B24032EF3A02B24080FC3C02824F3E02824F4002824F4202824F4402824FF7
:20F3C0004602C2432500C2432D008243B001F2D00C002200F2F0F3002600F2C080001900DD
:20F3E000E2C31D00C2430200F2C040001D0082430C0232D2A15200003041FFFFFFFFD1CE5F
:20F400000A120B120812091206123180060008430F431E9302341E43043C3E90050001387E
:20F420002E424B4D7BF00F000948195306417B900A0008287B5037000A410A58CA4B00003D
:20F440000849073C7B5030000A410A58CA4B0000084912C30D100D110D110D11E223089E13
:20F46000E03B18930A38065836533853EC4600001F531C5336531893F8370C4F31500600BA
:20F48000305096F30A120B12081221834A4C4B4F0843073C1853389001800328001230503D
:20F4A000B80AC293B802F623C293B902F323C14D0000C14E01004B9302245E43013C6E438B
:20F4C0004F4B0D413C40B802001230506A09D2D36900824A1A01D2C36900F2D201004B9373
:20F4E0000224E2D20100E2B26900FD2FF2D0120069000C432153305024F30A120B120A4CE2
:20F500000B430C932C243F4010003F820E4B8E104D4E0C4A4E4F0012305010F34DEC4E4D70
:20F520007EF0C0007E8040000C247E80400006247E80400009203E4000FD083C3E4000FC27
:20F54000053C3E4000FB023C3E4000FA7BF38B103DF03F000D5D0E5D2BEE0F93D6230C4BE6
:20F560003B413A41A152000030410A120B1208120E9303208C4300002D3C0A436B42103C9B
:20F58000484F7850D00078900A00032C3F50D0FF0ADF7B5305208C4A00002C530A436B4272
:20F5A0003E530E9313380A5A0A5A0A5A0A5A7F4D484F78F0DF007850BF0078900600E02FF0
:20F5C0003FF0DFFF3F50C9FF0ADFE33F6B9202348C4A0000305046F25E42AA025E537E90F0
:20F5E000100001284E43C24EAA024F4E0F5F8F4C1802A15200003041FFFFFFFFFFFFD1CE88
:20F60000B2404802AC02F2403000AE02C243B002C243AF02B2407802B202F2403000B40249
:20F62000C243B602C243B502C243A802B2C20602F24081006100C2436000F240D000620049
:20F64000C2436300F24006006400D2C36100D2D30100E2B303000228E2C30300D2B3030018
:20F660000228D2C30300A152000030410A120B120A4C0B4D0012305060F94C9303203C4014
:20F68000FEFF1F3C0B9306242E4A5F4A04000E5FEB4E00005E4A04005F4A02003F530E9FE9
:20F6A00002204E43013C5E53CA4E04000C4A0012305026F94C930420CA430400CA43030062
:20F6C0000C433B413A41A152000030410A120D9325243D530F4E8F106FEC4A4F7AF0C000D1
:20F6E0007A8040000C247A80400006247A80400009203A4000FD083C3A4000FC053C3A40ED
:20F7000000FB023C3A4000FA1C537EF38E103FF03F000F5F0A5F2EEA0D93DB230C4E3A41EE
:20F72000A152000030410A120D120C120F120E12B2508813920192530E021A4208021F42DF
:20F7400038023F90F6E902200C43033C00123050FAF0B2B0800006020B280C9309240A930F
:20F760000420B1C010000A00033CB1C0D0000A003E413F413C413D413A41001332C203438E
:20F7800092530C023D530D931638B24000A52C01B24002A528018C43000092B32C01FD2F05
:20F7A000B24000A52801B24010A52C013C5000023D530D93EA3792930C020238B2530C0256
:20F7C00092930C02013432D2A152000030410A120B1208120A4C0B4D08430E4B0D4A3C40E1
:20F7E000AC02001230509A010A5C085C0B8CCA93FFFF02241B93F1370C48305020F0D1CEF3
:20F800000A120B120B4C4A4D00123050CCF75F4B02003F534C4C0F8C03203C40FEFF133C10
:20F820002E4B5F4B03000E5FCE4A00005E4B03005F4B02003F530E9F02204E43013C5E53E5
:20F84000CB4E03000C433B413A41A1520000304132C2034392530C02B24000A52C01B240FF
:20F8600040A528013E530E9309383F4D8F108C4F00002C5392B32C01FD2FF43FB24000A51A
:20F880002801B24010A52C0192930C020238B2530C0292930C02013432D2A152000030411B
:20F8A0000A120D120C120F120E121A4208021F4240023F90F6E902200C43033C00123050B5
:20F8C0008AEFB2B0800006020B280C9309240A930420B1C010000A00033CB1C0D0000A00F0
:20F8E0003E413F413C413D413A4100130A120D120C120F120E121A4208021F423E023F9010
:20F90000F6E902200C43033C001230503EEFB2B0800006020B280C9309240A930420B1C07E
:20F9200010000A00033CB1C0D0000A003E413F413C413D413A4100130A120A4C0012305097
:20F9400098F64C9303203C40FEFF173C5E4A04005F4A02003F530E9F02204E43013C5E5314
:20F96000CA4E04000C4A001230506EF64C930420CA430400CA4303000C433A41A15200003E
:20F9800030410A120B12081209120A4C0B4D084E09431E9315380B9309240D4B0C4A0012AF
:20F9A0003050C8FC0C930C201B53063C0C4A0012305084FF0C930420195338530893EB23BA
:20F9C0000C49305056EE0A120B1208120A4C0B4D08430E4B0D4A3C40B20200123050A000B0
:20F9E000085C0A5C0B8C1B93F437E2B30100042CE2D30100E2D303000C48305020EED1CE18
:20FA000000002110422063308440A550C660E770088129914AA16BB18CC1ADD1CEE1EFF1E6
:20FA20003112100273325222B5529442F772D662399318837BB35AA3BDD39CC3FFF3DEE3A6
:20FA40006224433420040114E664C774A44485546AA54BB528850995EEE5CFF5ACC58DD566
:20FA60005336722611163006D776F6669556B4465BB77AA719973887DFF7FEE79DD7BCC726
:20FA80000A120B12081209120A4C0B4D084E09431E9314380B9308247D4B0C4A0012305031
:20FAA0005EFD0C930B20063C0C4A0012305012000C930420195338530893EC230C493050AC
:20FAC0005AED0A120A4C001230500EF55F4A02003F534C4C0E4F0E8C03203C40FEFF0A3C2A
:20FAE0005E4A03000E9F02204E43013C5E53CA4E03000C433A41A15200003041FFFFFFFFC8
:20FB0000C448E5588668A7784008611802282338CCC9EDD98EE9AFF9488969990AA92BB965
:20FB2000F55AD44AB77A966A711A500A333A122AFDDBDCCBBFFB9EEB799B588B3BBB1AAB25
:20FB4000A66C877CE44CC55C222C033C600C411CAEED8FFDECCDCDDD2AAD0BBD688D499DE5
:20FB6000977EB66ED55EF44E133E322E511E700E9FFFBEEFDDDFFCCF1BBF3AAF599F788FA5
:20FB8000F2C20100E2C20100F24081006900F2400F006800F24050006A00C2436B00F2B246
:20FBA00003000228F2C20300E2B203000228E2C20300F2D20100E2D201000C43A15200003D
:20FBC00030410D120C120F120E121F423A023F90F6E902200C43033C001230506EECB2B0ED
:20FBE0008000060205280C930324B1C0100008003E413F413C413D410013FFFFFFFFD1CE59
:20FC00008891A981CAB1EBA10CD12DC14EF16FE18010A100C230E3200450254046706760E4
:20FC2000B9839893FBA3DAB33DC31CD37FE35EF3B1029012F322D2323542145277625672A4
:20FC4000EAB5CBA5A89589856EF54FE52CD50DC5E234C324A0148104667447642454054464
:20FC6000DBA7FAB79987B8975FE77EF71DC73CD7D326F2369106B016576676761546345624
:20FC80000A120B124A435B4266007B900D0003247B900A0001204B434D4B3C40AC020012C4
:20FCA00030505CFB0C930224B2D206024B930320A2D206025A434C4A3B413A41A152000082
:20FCC00030410D120C120F120E121F423C023F90F6E902200C43033C001230506EEBB2B0EB
:20FCE0008000060205280C930324B1C0100008003E413F413C413D410013FFFFFFFFFFFFF9
:20FD00004CD96DC90EF92FE9C899E9898AB9ABA94458654806782768C018E1088238A32863
:20FD20007DCB5CDB3FEB1EFBF98BD89BBBAB9ABB754A545A376A167AF10AD01AB32A923A23
:20FD40002EFD0FED6CDD4DCDAABD8BADE89DC98D267C076C645C454CA23C832CE01CC10CE3
:20FD60001FEF3EFF5DCF7CDF9BAFBABFD98FF89F176E367E554E745E932EB23ED10EF01EA3
:20FD80000D120C120F120E121F4242023F90F6E902200C43033C00123050B0EAB2B08000D4
:20FDA000060205280C930324B1C0100008003E413F413C413D4100130D120C120F120E1234
:20FDC0001F4246023F90F6E902200C43033C0012305078EAB2B08000060205280C9303244B
:20FDE000B1C0100008003E413F413C413D410013FFFFFFFFFFFFFFFFFFFFFFFFFFFFD1CEDC
:20FE00000D120C120F120E121F4244023F90F6E902200C43033C0012305030EAB2B08000D1
:20FE2000060205280C930324B1C0100008003E413F413C413D4100137E90050001286E4245
:20FE40007F90050001286F42CC4E0000CC4F0100CC4F02004E4E3E5307380C5EFC4D03003F
:20FE60003E533C530E93FA37A152000030410A125F4C02004F9E012C4E4F4F4E3F530A383B
:20FE80000A4C0A5FDD4A030000001D533F533A530F93F8370012305044EF4C4E3A41A1524C
:20FEA000000030410F121F421E012F8303242F8307240B3CB250F401940192531002053C6F
:20FEC000B25050C39601925312023F4100130A120B120A4C0B4D0E4B0D4A3C40AC02001217
:20FEE00030509EFA0A5C0B8C1B93F5370C433B413A41A152000030413F40FEFFB2B010007B
:20FF000006020B284E4D0D4C3C40B802001230505CFF4F4CB2C0100006020C4FA15200001C
:20FF200030413F43CC9300000624FC5300006F4C0C5F5F4C03000C4FA152000030413E53D2
:20FF40000E9308383F4C8F108D4F00002D533E530E93F837A152000030413C40B80200122D
:20FF600030507AEEB2C010000602B2C02000060230500CFC0A1221830A4C814A00000D41BE
:20FF80005C430012305068F2F83F0F1221835F420300814F000021533F4100130F1221839A
:20FFA0005F420300814F000021533F4100132F4C5E4C04000F5E0C4FA152000030412F4CF6
:20FFC0005E4C03000F5E0C4FA15200003041FFFFFFFFFFFFFFFFFFFFFFFFFFFFFFFF52EB1B
:20FFE000FFFFFFFFA0F880FDFFFFECF8C2FBC2FC9CFF8AFF00FEFFFFA4FE26F7B8FD04E813
:00000001FF
